nome,descricao,categoria,subcategoria,marca,preco,estoque,sku,aplicacao
Tinta Acrilica Sherwin-Williams Preto 3.6L,"Tinta acrilica de alta qualidade para paredes internas e externas. Cor Preto, acabamento fosco. Rendimento alto.",Tintas,Acrilica,Sherwin-Williams,83.71,82,ACR-SHE-PRE-36L-0,Paredes Internas e Externas
Tinta Acrilica Suvinil Cinza Escuro 900ml,"Tinta acrilica de alta qualidade para paredes internas e externas. Cor Cinza Escuro, acabamento fosco. Rendimento alto.",Tintas,Acrilica,Suvinil,12.22,51,ACR-SUV-CIN-900ml-1,Paredes Internas e Externas
Tinta Acrilica Sherwin-Williams Mostarda 900ml,"Tinta acrilica de alta qualidade para paredes internas e externas. Cor Mostarda, acabamento fosco. Rendimento alto.",Tintas,Acrilica,Sherwin-Williams,16.31,92,ACR-SHE-MOS-900ml-2,Paredes Internas e Externas
Tinta Acrilica Dacar Verde Menta 900ml,"Tinta acrilica de alta qualidade para paredes internas e externas. Cor Verde Menta, acabamento fosco. Rendimento alto.",Tintas,Acrilica,Dacar,19.49,95,ACR-DAC-VER-900ml-3,Paredes Internas e Externas
Tinta Acrilica Dacar Roxo 18L,"Tinta acrilica de alta qualidade para paredes internas e externas. Cor Roxo, acabamento fosco. Rendimento alto.",Tintas,Acrilica,Dacar,254.66,115,ACR-DAC-ROX-18L-4,Paredes Internas e Externas
Tinta Acrilica Lukscolor Areia 3.6L,"Tinta acrilica de alta qualidade para paredes internas e externas. Cor Areia, acabamento fosco. Rendimento alto.",Tintas,Acrilica,Lukscolor,64.46,141,ACR-LUK-ARE-36L-5,Paredes Internas e Externas
Tinta Acrilica Coral Amarelo 3.6L,"Tinta acrilica de alta qualidade para paredes internas e externas. Cor Amarelo, acabamento fosco. Rendimento alto.",Tintas,Acrilica,Coral,55.92,57,ACR-COR-AMA-36L-6,Paredes Internas e Externas
Tinta Acrilica Suvinil Roxo 18L,"Tinta acrilica de alta qualidade para paredes internas e externas. Cor Roxo, acabamento fosco. Rendimento alto.",Tintas,Acrilica,Suvinil,261.84,65,ACR-SUV-ROX-18L-7,Paredes Internas e Externas
Tinta Acrilica Sherwin-Williams Verde Menta 18L,"Tinta acrilica de alta qualidade para paredes internas e externas. Cor Verde Menta, acabamento fosco. Rendimento alto.",Tintas,Acrilica,Sherwin-Williams,358.6,103,ACR-SHE-VER-18L-8,Paredes Internas e Externas
Tinta Acrilica Sherwin-Williams Verde Agua 3.6L,"Tinta acrilica de alta qualidade para paredes internas e externas. Cor Verde Agua, acabamento fosco. Rendimento alto.",Tintas,Acrilica,Sherwin-Williams,65.59,141,ACR-SHE-VER-36L-9,Paredes Internas e Externas
Tinta Acrilica Anjo Marfim 900ml,"Tinta acrilica de alta qualidade para paredes internas e externas. Cor Marfim, acabamento fosco. Rendimento alto.",Tintas,Acrilica,Anjo,13.21,98,ACR-ANJ-MAR-900ml-10,Paredes Internas e Externas
Tinta Acrilica Dacar Areia 18L,"Tinta acrilica de alta qualidade para paredes internas e externas. Cor Areia, acabamento fosco. Rendimento alto.",Tintas,Acrilica,Dacar,348.55,76,ACR-DAC-ARE-18L-11,Paredes Internas e Externas
Tinta Acrilica Anjo Marfim 900ml,"Tinta acrilica de alta qualidade para paredes internas e externas. Cor Marfim, acabamento fosco. Rendimento alto.",Tintas,Acrilica,Anjo,20.28,127,ACR-ANJ-MAR-900ml-12,Paredes Internas e Externas
Tinta Acrilica Sherwin-Williams Rosa Antigo 900ml,"Tinta acrilica de alta qualidade para paredes internas e externas. Cor Rosa Antigo, acabamento fosco. Rendimento alto.",Tintas,Acrilica,Sherwin-Williams,19.4,135,ACR-SHE-ROS-900ml-13,Paredes Internas e Externas
Tinta Acrilica Sherwin-Williams Cinza Escuro 900ml,"Tinta acrilica de alta qualidade para paredes internas e externas. Cor Cinza Escuro, acabamento fosco. Rendimento alto.",Tintas,Acrilica,Sherwin-Williams,17.25,55,ACR-SHE-CIN-900ml-14,Paredes Internas e Externas
Tinta Acrilica Eucatex Laranja 18L,"Tinta acrilica de alta qualidade para paredes internas e externas. Cor Laranja, acabamento fosco. Rendimento alto.",Tintas,Acrilica,Eucatex,332.08,135,ACR-EUC-LAR-18L-15,Paredes Internas e Externas
Tinta Acrilica Lukscolor Laranja 3.6L,"Tinta acrilica de alta qualidade para paredes internas e externas. Cor Laranja, acabamento fosco. Rendimento alto.",Tintas,Acrilica,Lukscolor,81.23,26,ACR-LUK-LAR-36L-16,Paredes Internas e Externas
Tinta Acrilica Anjo Grafite 3.6L,"Tinta acrilica de alta qualidade para paredes internas e externas. Cor Grafite, acabamento fosco. Rendimento alto.",Tintas,Acrilica,Anjo,53.83,140,ACR-ANJ-GRA-36L-17,Paredes Internas e Externas
Tinta Acrilica Suvinil Salmao 900ml,"Tinta acrilica de alta qualidade para paredes internas e externas. Cor Salmao, acabamento fosco. Rendimento alto.",Tintas,Acrilica,Suvinil,12.9,150,ACR-SUV-SAL-900ml-18,Paredes Internas e Externas
Tinta Acrilica Suvinil Branco Neve 18L,"Tinta acrilica de alta qualidade para paredes internas e externas. Cor Branco Neve, acabamento fosco. Rendimento alto.",Tintas,Acrilica,Suvinil,293.69,96,ACR-SUV-BRA-18L-19,Paredes Internas e Externas
Tinta Acrilica Eucatex Salmao 3.6L,"Tinta acrilica de alta qualidade para paredes internas e externas. Cor Salmao, acabamento fosco. Rendimento alto.",Tintas,Acrilica,Eucatex,84.24,110,ACR-EUC-SAL-36L-20,Paredes Internas e Externas
Tinta Acrilica Eucatex Rosa Antigo 3.6L,"Tinta acrilica de alta qualidade para paredes internas e externas. Cor Rosa Antigo, acabamento fosco. Rendimento alto.",Tintas,Acrilica,Eucatex,57.46,95,ACR-EUC-ROS-36L-21,Paredes Internas e Externas
Tinta Acrilica Coral Grafite 3.6L,"Tinta acrilica de alta qualidade para paredes internas e externas. Cor Grafite, acabamento fosco. Rendimento alto.",Tintas,Acrilica,Coral,80.81,83,ACR-COR-GRA-36L-22,Paredes Internas e Externas
Tinta Acrilica Renner Branco 18L,"Tinta acrilica de alta qualidade para paredes internas e externas. Cor Branco, acabamento fosco. Rendimento alto.",Tintas,Acrilica,Renner,272.75,84,ACR-REN-BRA-18L-23,Paredes Internas e Externas
Tinta Acrilica Eucatex Preto 900ml,"Tinta acrilica de alta qualidade para paredes internas e externas. Cor Preto, acabamento fosco. Rendimento alto.",Tintas,Acrilica,Eucatex,13.35,67,ACR-EUC-PRE-900ml-24,Paredes Internas e Externas
Tinta Acrilica Dacar Verde Menta 3.6L,"Tinta acrilica de alta qualidade para paredes internas e externas. Cor Verde Menta, acabamento fosco. Rendimento alto.",Tintas,Acrilica,Dacar,81.0,34,ACR-DAC-VER-36L-25,Paredes Internas e Externas
Tinta Acrilica Suvinil Palha 3.6L,"Tinta acrilica de alta qualidade para paredes internas e externas. Cor Palha, acabamento fosco. Rendimento alto.",Tintas,Acrilica,Suvinil,70.17,80,ACR-SUV-PAL-36L-26,Paredes Internas e Externas
Tinta Acrilica Coral Bege 18L,"Tinta acrilica de alta qualidade para paredes internas e externas. Cor Bege, acabamento fosco. Rendimento alto.",Tintas,Acrilica,Coral,358.66,138,ACR-COR-BEG-18L-27,Paredes Internas e Externas
Tinta Acrilica Lukscolor Azul Marinho 900ml,"Tinta acrilica de alta qualidade para paredes internas e externas. Cor Azul Marinho, acabamento fosco. Rendimento alto.",Tintas,Acrilica,Lukscolor,15.9,100,ACR-LUK-AZU-900ml-28,Paredes Internas e Externas
Tinta Acrilica Sherwin-Williams Lavanda 900ml,"Tinta acrilica de alta qualidade para paredes internas e externas. Cor Lavanda, acabamento fosco. Rendimento alto.",Tintas,Acrilica,Sherwin-Williams,11.8,137,ACR-SHE-LAV-900ml-29,Paredes Internas e Externas
Tinta Acrilica Lukscolor Terracota 900ml,"Tinta acrilica de alta qualidade para paredes internas e externas. Cor Terracota, acabamento fosco. Rendimento alto.",Tintas,Acrilica,Lukscolor,12.75,142,ACR-LUK-TER-900ml-30,Paredes Internas e Externas
Tinta Acrilica Sherwin-Williams Azul Marinho 3.6L,"Tinta acrilica de alta qualidade para paredes internas e externas. Cor Azul Marinho, acabamento fosco. Rendimento alto.",Tintas,Acrilica,Sherwin-Williams,52.92,60,ACR-SHE-AZU-36L-31,Paredes Internas e Externas
Tinta Acrilica Lukscolor Amarelo Canario 3.6L,"Tinta acrilica de alta qualidade para paredes internas e externas. Cor Amarelo Canario, acabamento fosco. Rendimento alto.",Tintas,Acrilica,Lukscolor,49.63,84,ACR-LUK-AMA-36L-32,Paredes Internas e Externas
Tinta Acrilica Eucatex Verde Agua 18L,"Tinta acrilica de alta qualidade para paredes internas e externas. Cor Verde Agua, acabamento fosco. Rendimento alto.",Tintas,Acrilica,Eucatex,253.81,110,ACR-EUC-VER-18L-33,Paredes Internas e Externas
Tinta Acrilica Eucatex Off-White 3.6L,"Tinta acrilica de alta qualidade para paredes internas e externas. Cor Off-White, acabamento fosco. Rendimento alto.",Tintas,Acrilica,Eucatex,80.15,127,ACR-EUC-OFF-36L-34,Paredes Internas e Externas
Tinta Acrilica Dacar Borgonha 3.6L,"Tinta acrilica de alta qualidade para paredes internas e externas. Cor Borgonha, acabamento fosco. Rendimento alto.",Tintas,Acrilica,Dacar,61.56,29,ACR-DAC-BOR-36L-35,Paredes Internas e Externas
Tinta Acrilica Dacar Rosa Claro 3.6L,"Tinta acrilica de alta qualidade para paredes internas e externas. Cor Rosa Claro, acabamento fosco. Rendimento alto.",Tintas,Acrilica,Dacar,55.94,28,ACR-DAC-ROS-36L-36,Paredes Internas e Externas
Tinta Acrilica Dacar Azul Celeste 900ml,"Tinta acrilica de alta qualidade para paredes internas e externas. Cor Azul Celeste, acabamento fosco. Rendimento alto.",Tintas,Acrilica,Dacar,15.11,148,ACR-DAC-AZU-900ml-37,Paredes Internas e Externas
Tinta Acrilica Lukscolor Marrom Claro 3.6L,"Tinta acrilica de alta qualidade para paredes internas e externas. Cor Marrom Claro, acabamento fosco. Rendimento alto.",Tintas,Acrilica,Lukscolor,59.48,119,ACR-LUK-MAR-36L-38,Paredes Internas e Externas
Tinta Acrilica Lukscolor Cinza Claro 900ml,"Tinta acrilica de alta qualidade para paredes internas e externas. Cor Cinza Claro, acabamento fosco. Rendimento alto.",Tintas,Acrilica,Lukscolor,11.43,90,ACR-LUK-CIN-900ml-39,Paredes Internas e Externas
Tinta Acrilica Eucatex Tabaco 900ml,"Tinta acrilica de alta qualidade para paredes internas e externas. Cor Tabaco, acabamento fosco. Rendimento alto.",Tintas,Acrilica,Eucatex,20.19,77,ACR-EUC-TAB-900ml-40,Paredes Internas e Externas
Tinta Acrilica Dacar Vinho 900ml,"Tinta acrilica de alta qualidade para paredes internas e externas. Cor Vinho, acabamento fosco. Rendimento alto.",Tintas,Acrilica,Dacar,18.26,50,ACR-DAC-VIN-900ml-41,Paredes Internas e Externas
Tinta Acrilica Suvinil Off-White 900ml,"Tinta acrilica de alta qualidade para paredes internas e externas. Cor Off-White, acabamento fosco. Rendimento alto.",Tintas,Acrilica,Suvinil,14.38,89,ACR-SUV-OFF-900ml-42,Paredes Internas e Externas
Tinta Acrilica Dacar Bege 18L,"Tinta acrilica de alta qualidade para paredes internas e externas. Cor Bege, acabamento fosco. Rendimento alto.",Tintas,Acrilica,Dacar,202.57,114,ACR-DAC-BEG-18L-43,Paredes Internas e Externas
Tinta Acrilica Dacar Verde Folha 18L,"Tinta acrilica de alta qualidade para paredes internas e externas. Cor Verde Folha, acabamento fosco. Rendimento alto.",Tintas,Acrilica,Dacar,255.9,52,ACR-DAC-VER-18L-44,Paredes Internas e Externas
Tinta Acrilica Suvinil Preto 3.6L,"Tinta acrilica de alta qualidade para paredes internas e externas. Cor Preto, acabamento fosco. Rendimento alto.",Tintas,Acrilica,Suvinil,82.09,83,ACR-SUV-PRE-36L-45,Paredes Internas e Externas
Tinta Acrilica Dacar Amarelo Canario 900ml,"Tinta acrilica de alta qualidade para paredes internas e externas. Cor Amarelo Canario, acabamento fosco. Rendimento alto.",Tintas,Acrilica,Dacar,14.46,100,ACR-DAC-AMA-900ml-46,Paredes Internas e Externas
Tinta Acrilica Renner Marrom Claro 18L,"Tinta acrilica de alta qualidade para paredes internas e externas. Cor Marrom Claro, acabamento fosco. Rendimento alto.",Tintas,Acrilica,Renner,244.51,150,ACR-REN-MAR-18L-47,Paredes Internas e Externas
Tinta Acrilica Dacar Preto 18L,"Tinta acrilica de alta qualidade para paredes internas e externas. Cor Preto, acabamento fosco. Rendimento alto.",Tintas,Acrilica,Dacar,218.54,86,ACR-DAC-PRE-18L-48,Paredes Internas e Externas
Tinta Acrilica Renner Amarelo Canario 900ml,"Tinta acrilica de alta qualidade para paredes internas e externas. Cor Amarelo Canario, acabamento fosco. Rendimento alto.",Tintas,Acrilica,Renner,12.31,69,ACR-REN-AMA-900ml-49,Paredes Internas e Externas
Tinta Acrilica Sherwin-Williams Grafite 3.6L,"Tinta acrilica de alta qualidade para paredes internas e externas. Cor Grafite, acabamento fosco. Rendimento alto.",Tintas,Acrilica,Sherwin-Williams,82.24,35,ACR-SHE-GRA-36L-50,Paredes Internas e Externas
Tinta Acrilica Lukscolor Roxo 900ml,"Tinta acrilica de alta qualidade para paredes internas e externas. Cor Roxo, acabamento fosco. Rendimento alto.",Tintas,Acrilica,Lukscolor,13.48,106,ACR-LUK-ROX-900ml-51,Paredes Internas e Externas
Tinta Acrilica Coral Terracota 900ml,"Tinta acrilica de alta qualidade para paredes internas e externas. Cor Terracota, acabamento fosco. Rendimento alto.",Tintas,Acrilica,Coral,12.89,97,ACR-COR-TER-900ml-52,Paredes Internas e Externas
Tinta Acrilica Suvinil Mostarda 900ml,"Tinta acrilica de alta qualidade para paredes internas e externas. Cor Mostarda, acabamento fosco. Rendimento alto.",Tintas,Acrilica,Suvinil,19.7,110,ACR-SUV-MOS-900ml-53,Paredes Internas e Externas
Tinta Acrilica Suvinil Verde Menta 18L,"Tinta acrilica de alta qualidade para paredes internas e externas. Cor Verde Menta, acabamento fosco. Rendimento alto.",Tintas,Acrilica,Suvinil,210.81,136,ACR-SUV-VER-18L-54,Paredes Internas e Externas
Tinta Acrilica Suvinil Marrom Claro 3.6L,"Tinta acrilica de alta qualidade para paredes internas e externas. Cor Marrom Claro, acabamento fosco. Rendimento alto.",Tintas,Acrilica,Suvinil,75.66,86,ACR-SUV-MAR-36L-55,Paredes Internas e Externas
Tinta Acrilica Eucatex Borgonha 3.6L,"Tinta acrilica de alta qualidade para paredes internas e externas. Cor Borgonha, acabamento fosco. Rendimento alto.",Tintas,Acrilica,Eucatex,76.63,34,ACR-EUC-BOR-36L-56,Paredes Internas e Externas
Tinta Acrilica Dacar Azul Claro 3.6L,"Tinta acrilica de alta qualidade para paredes internas e externas. Cor Azul Claro, acabamento fosco. Rendimento alto.",Tintas,Acrilica,Dacar,67.33,66,ACR-DAC-AZU-36L-57,Paredes Internas e Externas
Tinta Acrilica Coral Rosa Antigo 18L,"Tinta acrilica de alta qualidade para paredes internas e externas. Cor Rosa Antigo, acabamento fosco. Rendimento alto.",Tintas,Acrilica,Coral,318.36,54,ACR-COR-ROS-18L-58,Paredes Internas e Externas
Tinta Acrilica Eucatex Marfim 18L,"Tinta acrilica de alta qualidade para paredes internas e externas. Cor Marfim, acabamento fosco. Rendimento alto.",Tintas,Acrilica,Eucatex,300.12,84,ACR-EUC-MAR-18L-59,Paredes Internas e Externas
Tinta Acrilica Renner Cinza Escuro 3.6L,"Tinta acrilica de alta qualidade para paredes internas e externas. Cor Cinza Escuro, acabamento fosco. Rendimento alto.",Tintas,Acrilica,Renner,61.67,120,ACR-REN-CIN-36L-60,Paredes Internas e Externas
Tinta Acrilica Coral Chocolate 3.6L,"Tinta acrilica de alta qualidade para paredes internas e externas. Cor Chocolate, acabamento fosco. Rendimento alto.",Tintas,Acrilica,Coral,59.38,106,ACR-COR-CHO-36L-61,Paredes Internas e Externas
Tinta Acrilica Eucatex Salmao 18L,"Tinta acrilica de alta qualidade para paredes internas e externas. Cor Salmao, acabamento fosco. Rendimento alto.",Tintas,Acrilica,Eucatex,239.4,66,ACR-EUC-SAL-18L-62,Paredes Internas e Externas
Tinta Acrilica Suvinil Amarelo 3.6L,"Tinta acrilica de alta qualidade para paredes internas e externas. Cor Amarelo, acabamento fosco. Rendimento alto.",Tintas,Acrilica,Suvinil,49.36,77,ACR-SUV-AMA-36L-63,Paredes Internas e Externas
Tinta Acrilica Suvinil Azul Claro 3.6L,"Tinta acrilica de alta qualidade para paredes internas e externas. Cor Azul Claro, acabamento fosco. Rendimento alto.",Tintas,Acrilica,Suvinil,69.13,37,ACR-SUV-AZU-36L-64,Paredes Internas e Externas
Tinta Acrilica Sherwin-Williams Palha 900ml,"Tinta acrilica de alta qualidade para paredes internas e externas. Cor Palha, acabamento fosco. Rendimento alto.",Tintas,Acrilica,Sherwin-Williams,13.63,86,ACR-SHE-PAL-900ml-65,Paredes Internas e Externas
Tinta Acrilica Renner Grafite 3.6L,"Tinta acrilica de alta qualidade para paredes internas e externas. Cor Grafite, acabamento fosco. Rendimento alto.",Tintas,Acrilica,Renner,59.72,132,ACR-REN-GRA-36L-66,Paredes Internas e Externas
Tinta Acrilica Eucatex Off-White 18L,"Tinta acrilica de alta qualidade para paredes internas e externas. Cor Off-White, acabamento fosco. Rendimento alto.",Tintas,Acrilica,Eucatex,212.27,134,ACR-EUC-OFF-18L-67,Paredes Internas e Externas
Tinta Acrilica Dacar Branco 900ml,"Tinta acrilica de alta qualidade para paredes internas e externas. Cor Branco, acabamento fosco. Rendimento alto.",Tintas,Acrilica,Dacar,14.22,82,ACR-DAC-BRA-900ml-68,Paredes Internas e Externas
Tinta Acrilica Dacar Borgonha 3.6L,"Tinta acrilica de alta qualidade para paredes internas e externas. Cor Borgonha, acabamento fosco. Rendimento alto.",Tintas,Acrilica,Dacar,61.8,73,ACR-DAC-BOR-36L-69,Paredes Internas e Externas
Tinta Acrilica Anjo Verde Menta 900ml,"Tinta acrilica de alta qualidade para paredes internas e externas. Cor Verde Menta, acabamento fosco. Rendimento alto.",Tintas,Acrilica,Anjo,16.45,146,ACR-ANJ-VER-900ml-70,Paredes Internas e Externas
Tinta Acrilica Renner Preto 3.6L,"Tinta acrilica de alta qualidade para paredes internas e externas. Cor Preto, acabamento fosco. Rendimento alto.",Tintas,Acrilica,Renner,74.51,138,ACR-REN-PRE-36L-71,Paredes Internas e Externas
Tinta Acrilica Lukscolor Bege 18L,"Tinta acrilica de alta qualidade para paredes internas e externas. Cor Bege, acabamento fosco. Rendimento alto.",Tintas,Acrilica,Lukscolor,279.36,116,ACR-LUK-BEG-18L-72,Paredes Internas e Externas
Tinta Acrilica Suvinil Laranja 900ml,"Tinta acrilica de alta qualidade para paredes internas e externas. Cor Laranja, acabamento fosco. Rendimento alto.",Tintas,Acrilica,Suvinil,20.08,77,ACR-SUV-LAR-900ml-73,Paredes Internas e Externas
Tinta Acrilica Anjo Azul Celeste 18L,"Tinta acrilica de alta qualidade para paredes internas e externas. Cor Azul Celeste, acabamento fosco. Rendimento alto.",Tintas,Acrilica,Anjo,355.54,72,ACR-ANJ-AZU-18L-74,Paredes Internas e Externas
Tinta Acrilica Renner Vinho 18L,"Tinta acrilica de alta qualidade para paredes internas e externas. Cor Vinho, acabamento fosco. Rendimento alto.",Tintas,Acrilica,Renner,213.12,102,ACR-REN-VIN-18L-75,Paredes Internas e Externas
Tinta Acrilica Renner Marfim 18L,"Tinta acrilica de alta qualidade para paredes internas e externas. Cor Marfim, acabamento fosco. Rendimento alto.",Tintas,Acrilica,Renner,218.15,79,ACR-REN-MAR-18L-76,Paredes Internas e Externas
Tinta Acrilica Suvinil Borgonha 3.6L,"Tinta acrilica de alta qualidade para paredes internas e externas. Cor Borgonha, acabamento fosco. Rendimento alto.",Tintas,Acrilica,Suvinil,84.86,118,ACR-SUV-BOR-36L-77,Paredes Internas e Externas
Tinta Acrilica Dacar Areia 3.6L,"Tinta acrilica de alta qualidade para paredes internas e externas. Cor Areia, acabamento fosco. Rendimento alto.",Tintas,Acrilica,Dacar,64.78,90,ACR-DAC-ARE-36L-78,Paredes Internas e Externas
Tinta Acrilica Lukscolor Areia 3.6L,"Tinta acrilica de alta qualidade para paredes internas e externas. Cor Areia, acabamento fosco. Rendimento alto.",Tintas,Acrilica,Lukscolor,73.61,133,ACR-LUK-ARE-36L-79,Paredes Internas e Externas
Tinta Acrilica Anjo Laranja 3.6L,"Tinta acrilica de alta qualidade para paredes internas e externas. Cor Laranja, acabamento fosco. Rendimento alto.",Tintas,Acrilica,Anjo,52.44,68,ACR-ANJ-LAR-36L-80,Paredes Internas e Externas
Tinta Acrilica Lukscolor Preto 900ml,"Tinta acrilica de alta qualidade para paredes internas e externas. Cor Preto, acabamento fosco. Rendimento alto.",Tintas,Acrilica,Lukscolor,19.64,85,ACR-LUK-PRE-900ml-81,Paredes Internas e Externas
Tinta Acrilica Eucatex Salmao 3.6L,"Tinta acrilica de alta qualidade para paredes internas e externas. Cor Salmao, acabamento fosco. Rendimento alto.",Tintas,Acrilica,Eucatex,51.96,109,ACR-EUC-SAL-36L-82,Paredes Internas e Externas
Tinta Acrilica Renner Borgonha 3.6L,"Tinta acrilica de alta qualidade para paredes internas e externas. Cor Borgonha, acabamento fosco. Rendimento alto.",Tintas,Acrilica,Renner,50.98,138,ACR-REN-BOR-36L-83,Paredes Internas e Externas
Tinta Acrilica Coral Grafite 900ml,"Tinta acrilica de alta qualidade para paredes internas e externas. Cor Grafite, acabamento fosco. Rendimento alto.",Tintas,Acrilica,Coral,15.5,120,ACR-COR-GRA-900ml-84,Paredes Internas e Externas
Tinta Acrilica Eucatex Marrom Claro 18L,"Tinta acrilica de alta qualidade para paredes internas e externas. Cor Marrom Claro, acabamento fosco. Rendimento alto.",Tintas,Acrilica,Eucatex,320.31,90,ACR-EUC-MAR-18L-85,Paredes Internas e Externas
Tinta Acrilica Suvinil Verde Claro 3.6L,"Tinta acrilica de alta qualidade para paredes internas e externas. Cor Verde Claro, acabamento fosco. Rendimento alto.",Tintas,Acrilica,Suvinil,67.67,112,ACR-SUV-VER-36L-86,Paredes Internas e Externas
Tinta Acrilica Coral Off-White 900ml,"Tinta acrilica de alta qualidade para paredes internas e externas. Cor Off-White, acabamento fosco. Rendimento alto.",Tintas,Acrilica,Coral,19.56,105,ACR-COR-OFF-900ml-87,Paredes Internas e Externas
Tinta Acrilica Renner Laranja 900ml,"Tinta acrilica de alta qualidade para paredes internas e externas. Cor Laranja, acabamento fosco. Rendimento alto.",Tintas,Acrilica,Renner,14.19,62,ACR-REN-LAR-900ml-88,Paredes Internas e Externas
Tinta Acrilica Dacar Verde Menta 18L,"Tinta acrilica de alta qualidade para paredes internas e externas. Cor Verde Menta, acabamento fosco. Rendimento alto.",Tintas,Acrilica,Dacar,269.55,87,ACR-DAC-VER-18L-89,Paredes Internas e Externas
Tinta Acrilica Suvinil Azul Celeste 18L,"Tinta acrilica de alta qualidade para paredes internas e externas. Cor Azul Celeste, acabamento fosco. Rendimento alto.",Tintas,Acrilica,Suvinil,361.44,92,ACR-SUV-AZU-18L-90,Paredes Internas e Externas
Tinta Acrilica Anjo Palha 18L,"Tinta acrilica de alta qualidade para paredes internas e externas. Cor Palha, acabamento fosco. Rendimento alto.",Tintas,Acrilica,Anjo,224.11,89,ACR-ANJ-PAL-18L-91,Paredes Internas e Externas
Tinta Acrilica Lukscolor Chocolate 18L,"Tinta acrilica de alta qualidade para paredes internas e externas. Cor Chocolate, acabamento fosco. Rendimento alto.",Tintas,Acrilica,Lukscolor,364.3,89,ACR-LUK-CHO-18L-92,Paredes Internas e Externas
Tinta Acrilica Renner Off-White 3.6L,"Tinta acrilica de alta qualidade para paredes internas e externas. Cor Off-White, acabamento fosco. Rendimento alto.",Tintas,Acrilica,Renner,69.83,137,ACR-REN-OFF-36L-93,Paredes Internas e Externas
Tinta Acrilica Renner Tabaco 3.6L,"Tinta acrilica de alta qualidade para paredes internas e externas. Cor Tabaco, acabamento fosco. Rendimento alto.",Tintas,Acrilica,Renner,51.05,107,ACR-REN-TAB-36L-94,Paredes Internas e Externas
Tinta Acrilica Renner Palha 900ml,"Tinta acrilica de alta qualidade para paredes internas e externas. Cor Palha, acabamento fosco. Rendimento alto.",Tintas,Acrilica,Renner,13.37,116,ACR-REN-PAL-900ml-95,Paredes Internas e Externas
Tinta Acrilica Sherwin-Williams Verde Claro 3.6L,"Tinta acrilica de alta qualidade para paredes internas e externas. Cor Verde Claro, acabamento fosco. Rendimento alto.",Tintas,Acrilica,Sherwin-Williams,83.08,89,ACR-SHE-VER-36L-96,Paredes Internas e Externas
Tinta Acrilica Anjo Roxo 3.6L,"Tinta acrilica de alta qualidade para paredes internas e externas. Cor Roxo, acabamento fosco. Rendimento alto.",Tintas,Acrilica,Anjo,81.22,90,ACR-ANJ-ROX-36L-97,Paredes Internas e Externas
Tinta Acrilica Anjo Verde Menta 18L,"Tinta acrilica de alta qualidade para paredes internas e externas. Cor Verde Menta, acabamento fosco. Rendimento alto.",Tintas,Acrilica,Anjo,206.62,132,ACR-ANJ-VER-18L-98,Paredes Internas e Externas
Tinta Acrilica Coral Amarelo Canario 18L,"Tinta acrilica de alta qualidade para paredes internas e externas. Cor Amarelo Canario, acabamento fosco. Rendimento alto.",Tintas,Acrilica,Coral,228.01,50,ACR-COR-AMA-18L-99,Paredes Internas e Externas
Tinta Acrilica Renner Verde Agua 18L,"Tinta acrilica de alta qualidade para paredes internas e externas. Cor Verde Agua, acabamento fosco. Rendimento alto.",Tintas,Acrilica,Renner,316.76,58,ACR-REN-VER-18L-100,Paredes Internas e Externas
Tinta Acrilica Eucatex Rosa Claro 3.6L,"Tinta acrilica de alta qualidade para paredes internas e externas. Cor Rosa Claro, acabamento fosco. Rendimento alto.",Tintas,Acrilica,Eucatex,60.05,140,ACR-EUC-ROS-36L-101,Paredes Internas e Externas
Tinta Acrilica Suvinil Borgonha 3.6L,"Tinta acrilica de alta qualidade para paredes internas e externas. Cor Borgonha, acabamento fosco. Rendimento alto.",Tintas,Acrilica,Suvinil,62.47,99,ACR-SUV-BOR-36L-102,Paredes Internas e Externas
Tinta Acrilica Lukscolor Grafite 900ml,"Tinta acrilica de alta qualidade para paredes internas e externas. Cor Grafite, acabamento fosco. Rendimento alto.",Tintas,Acrilica,Lukscolor,21.1,137,ACR-LUK-GRA-900ml-103,Paredes Internas e Externas
Tinta Acrilica Suvinil Branco Neve 900ml,"Tinta acrilica de alta qualidade para paredes internas e externas. Cor Branco Neve, acabamento fosco. Rendimento alto.",Tintas,Acrilica,Suvinil,20.15,119,ACR-SUV-BRA-900ml-104,Paredes Internas e Externas
Tinta Acrilica Renner Areia 18L,"Tinta acrilica de alta qualidade para paredes internas e externas. Cor Areia, acabamento fosco. Rendimento alto.",Tintas,Acrilica,Renner,215.33,67,ACR-REN-ARE-18L-105,Paredes Internas e Externas
Tinta Acrilica Sherwin-Williams Rosa Claro 900ml,"Tinta acrilica de alta qualidade para paredes internas e externas. Cor Rosa Claro, acabamento fosco. Rendimento alto.",Tintas,Acrilica,Sherwin-Williams,15.03,93,ACR-SHE-ROS-900ml-106,Paredes Internas e Externas
Tinta Acrilica Renner Cinza Claro 18L,"Tinta acrilica de alta qualidade para paredes internas e externas. Cor Cinza Claro, acabamento fosco. Rendimento alto.",Tintas,Acrilica,Renner,342.87,23,ACR-REN-CIN-18L-107,Paredes Internas e Externas
Tinta Acrilica Coral Areia 18L,"Tinta acrilica de alta qualidade para paredes internas e externas. Cor Areia, acabamento fosco. Rendimento alto.",Tintas,Acrilica,Coral,254.79,126,ACR-COR-ARE-18L-108,Paredes Internas e Externas
Tinta Acrilica Coral Cinza Claro 900ml,"Tinta acrilica de alta qualidade para paredes internas e externas. Cor Cinza Claro, acabamento fosco. Rendimento alto.",Tintas,Acrilica,Coral,19.23,79,ACR-COR-CIN-900ml-109,Paredes Internas e Externas
Tinta Acrilica Coral Branco 900ml,"Tinta acrilica de alta qualidade para paredes internas e externas. Cor Branco, acabamento fosco. Rendimento alto.",Tintas,Acrilica,Coral,17.32,66,ACR-COR-BRA-900ml-110,Paredes Internas e Externas
Tinta Acrilica Coral Verde Menta 900ml,"Tinta acrilica de alta qualidade para paredes internas e externas. Cor Verde Menta, acabamento fosco. Rendimento alto.",Tintas,Acrilica,Coral,21.03,116,ACR-COR-VER-900ml-111,Paredes Internas e Externas
Tinta Acrilica Renner Cinza Claro 18L,"Tinta acrilica de alta qualidade para paredes internas e externas. Cor Cinza Claro, acabamento fosco. Rendimento alto.",Tintas,Acrilica,Renner,370.5,103,ACR-REN-CIN-18L-112,Paredes Internas e Externas
Tinta Acrilica Lukscolor Verde Claro 3.6L,"Tinta acrilica de alta qualidade para paredes internas e externas. Cor Verde Claro, acabamento fosco. Rendimento alto.",Tintas,Acrilica,Lukscolor,73.49,44,ACR-LUK-VER-36L-113,Paredes Internas e Externas
Tinta Acrilica Coral Amarelo 18L,"Tinta acrilica de alta qualidade para paredes internas e externas. Cor Amarelo, acabamento fosco. Rendimento alto.",Tintas,Acrilica,Coral,279.91,67,ACR-COR-AMA-18L-114,Paredes Internas e Externas
Tinta Acrilica Suvinil Branco Neve 900ml,"Tinta acrilica de alta qualidade para paredes internas e externas. Cor Branco Neve, acabamento fosco. Rendimento alto.",Tintas,Acrilica,Suvinil,17.15,50,ACR-SUV-BRA-900ml-115,Paredes Internas e Externas
Tinta Acrilica Eucatex Chocolate 900ml,"Tinta acrilica de alta qualidade para paredes internas e externas. Cor Chocolate, acabamento fosco. Rendimento alto.",Tintas,Acrilica,Eucatex,18.85,67,ACR-EUC-CHO-900ml-116,Paredes Internas e Externas
Tinta Acrilica Dacar Verde Agua 3.6L,"Tinta acrilica de alta qualidade para paredes internas e externas. Cor Verde Agua, acabamento fosco. Rendimento alto.",Tintas,Acrilica,Dacar,74.82,76,ACR-DAC-VER-36L-117,Paredes Internas e Externas
Tinta Acrilica Coral Amarelo 900ml,"Tinta acrilica de alta qualidade para paredes internas e externas. Cor Amarelo, acabamento fosco. Rendimento alto.",Tintas,Acrilica,Coral,12.42,84,ACR-COR-AMA-900ml-118,Paredes Internas e Externas
Tinta Acrilica Renner Borgonha 3.6L,"Tinta acrilica de alta qualidade para paredes internas e externas. Cor Borgonha, acabamento fosco. Rendimento alto.",Tintas,Acrilica,Renner,83.58,45,ACR-REN-BOR-36L-119,Paredes Internas e Externas
Tinta Acrilica Lukscolor Azul Claro 3.6L,"Tinta acrilica de alta qualidade para paredes internas e externas. Cor Azul Claro, acabamento fosco. Rendimento alto.",Tintas,Acrilica,Lukscolor,78.45,96,ACR-LUK-AZU-36L-120,Paredes Internas e Externas
Tinta Acrilica Coral Chocolate 3.6L,"Tinta acrilica de alta qualidade para paredes internas e externas. Cor Chocolate, acabamento fosco. Rendimento alto.",Tintas,Acrilica,Coral,45.26,145,ACR-COR-CHO-36L-121,Paredes Internas e Externas
Tinta Acrilica Coral Salmao 900ml,"Tinta acrilica de alta qualidade para paredes internas e externas. Cor Salmao, acabamento fosco. Rendimento alto.",Tintas,Acrilica,Coral,11.3,73,ACR-COR-SAL-900ml-122,Paredes Internas e Externas
Tinta Acrilica Sherwin-Williams Off-White 18L,"Tinta acrilica de alta qualidade para paredes internas e externas. Cor Off-White, acabamento fosco. Rendimento alto.",Tintas,Acrilica,Sherwin-Williams,297.56,67,ACR-SHE-OFF-18L-123,Paredes Internas e Externas
Tinta Acrilica Sherwin-Williams Amarelo Canario 900ml,"Tinta acrilica de alta qualidade para paredes internas e externas. Cor Amarelo Canario, acabamento fosco. Rendimento alto.",Tintas,Acrilica,Sherwin-Williams,13.73,130,ACR-SHE-AMA-900ml-124,Paredes Internas e Externas
Tinta Acrilica Dacar Verde Menta 18L,"Tinta acrilica de alta qualidade para paredes internas e externas. Cor Verde Menta, acabamento fosco. Rendimento alto.",Tintas,Acrilica,Dacar,218.4,46,ACR-DAC-VER-18L-125,Paredes Internas e Externas
Tinta Acrilica Eucatex Areia 18L,"Tinta acrilica de alta qualidade para paredes internas e externas. Cor Areia, acabamento fosco. Rendimento alto.",Tintas,Acrilica,Eucatex,348.61,143,ACR-EUC-ARE-18L-126,Paredes Internas e Externas
Tinta Acrilica Lukscolor Marfim 18L,"Tinta acrilica de alta qualidade para paredes internas e externas. Cor Marfim, acabamento fosco. Rendimento alto.",Tintas,Acrilica,Lukscolor,320.7,146,ACR-LUK-MAR-18L-127,Paredes Internas e Externas
Tinta Acrilica Coral Verde Claro 3.6L,"Tinta acrilica de alta qualidade para paredes internas e externas. Cor Verde Claro, acabamento fosco. Rendimento alto.",Tintas,Acrilica,Coral,73.51,68,ACR-COR-VER-36L-128,Paredes Internas e Externas
Tinta Acrilica Lukscolor Verde Agua 18L,"Tinta acrilica de alta qualidade para paredes internas e externas. Cor Verde Agua, acabamento fosco. Rendimento alto.",Tintas,Acrilica,Lukscolor,360.53,133,ACR-LUK-VER-18L-129,Paredes Internas e Externas
Tinta Acrilica Eucatex Verde Folha 900ml,"Tinta acrilica de alta qualidade para paredes internas e externas. Cor Verde Folha, acabamento fosco. Rendimento alto.",Tintas,Acrilica,Eucatex,13.13,110,ACR-EUC-VER-900ml-130,Paredes Internas e Externas
Tinta Acrilica Anjo Cinza Escuro 900ml,"Tinta acrilica de alta qualidade para paredes internas e externas. Cor Cinza Escuro, acabamento fosco. Rendimento alto.",Tintas,Acrilica,Anjo,11.83,31,ACR-ANJ-CIN-900ml-131,Paredes Internas e Externas
Tinta Acrilica Suvinil Borgonha 3.6L,"Tinta acrilica de alta qualidade para paredes internas e externas. Cor Borgonha, acabamento fosco. Rendimento alto.",Tintas,Acrilica,Suvinil,62.57,54,ACR-SUV-BOR-36L-132,Paredes Internas e Externas
Tinta Acrilica Suvinil Salmao 18L,"Tinta acrilica de alta qualidade para paredes internas e externas. Cor Salmao, acabamento fosco. Rendimento alto.",Tintas,Acrilica,Suvinil,362.78,56,ACR-SUV-SAL-18L-133,Paredes Internas e Externas
Tinta Acrilica Anjo Rosa Claro 18L,"Tinta acrilica de alta qualidade para paredes internas e externas. Cor Rosa Claro, acabamento fosco. Rendimento alto.",Tintas,Acrilica,Anjo,239.99,60,ACR-ANJ-ROS-18L-134,Paredes Internas e Externas
Tinta Acrilica Eucatex Laranja 18L,"Tinta acrilica de alta qualidade para paredes internas e externas. Cor Laranja, acabamento fosco. Rendimento alto.",Tintas,Acrilica,Eucatex,283.17,23,ACR-EUC-LAR-18L-135,Paredes Internas e Externas
Tinta Acrilica Dacar Tabaco 3.6L,"Tinta acrilica de alta qualidade para paredes internas e externas. Cor Tabaco, acabamento fosco. Rendimento alto.",Tintas,Acrilica,Dacar,75.51,51,ACR-DAC-TAB-36L-136,Paredes Internas e Externas
Tinta Acrilica Suvinil Off-White 18L,"Tinta acrilica de alta qualidade para paredes internas e externas. Cor Off-White, acabamento fosco. Rendimento alto.",Tintas,Acrilica,Suvinil,289.54,95,ACR-SUV-OFF-18L-137,Paredes Internas e Externas
Tinta Acrilica Coral Grafite 3.6L,"Tinta acrilica de alta qualidade para paredes internas e externas. Cor Grafite, acabamento fosco. Rendimento alto.",Tintas,Acrilica,Coral,59.41,121,ACR-COR-GRA-36L-138,Paredes Internas e Externas
Tinta Acrilica Dacar Branco Neve 3.6L,"Tinta acrilica de alta qualidade para paredes internas e externas. Cor Branco Neve, acabamento fosco. Rendimento alto.",Tintas,Acrilica,Dacar,70.37,127,ACR-DAC-BRA-36L-139,Paredes Internas e Externas
Tinta Acrilica Coral Vermelho 3.6L,"Tinta acrilica de alta qualidade para paredes internas e externas. Cor Vermelho, acabamento fosco. Rendimento alto.",Tintas,Acrilica,Coral,58.24,80,ACR-COR-VER-36L-140,Paredes Internas e Externas
Tinta Acrilica Coral Lavanda 900ml,"Tinta acrilica de alta qualidade para paredes internas e externas. Cor Lavanda, acabamento fosco. Rendimento alto.",Tintas,Acrilica,Coral,19.57,27,ACR-COR-LAV-900ml-141,Paredes Internas e Externas
Tinta Acrilica Sherwin-Williams Salmao 3.6L,"Tinta acrilica de alta qualidade para paredes internas e externas. Cor Salmao, acabamento fosco. Rendimento alto.",Tintas,Acrilica,Sherwin-Williams,53.84,109,ACR-SHE-SAL-36L-142,Paredes Internas e Externas
Tinta Acrilica Eucatex Lilas 18L,"Tinta acrilica de alta qualidade para paredes internas e externas. Cor Lilas, acabamento fosco. Rendimento alto.",Tintas,Acrilica,Eucatex,368.25,52,ACR-EUC-LIL-18L-143,Paredes Internas e Externas
Tinta Acrilica Dacar Vermelho 3.6L,"Tinta acrilica de alta qualidade para paredes internas e externas. Cor Vermelho, acabamento fosco. Rendimento alto.",Tintas,Acrilica,Dacar,80.12,52,ACR-DAC-VER-36L-144,Paredes Internas e Externas
Tinta Acrilica Eucatex Marfim 18L,"Tinta acrilica de alta qualidade para paredes internas e externas. Cor Marfim, acabamento fosco. Rendimento alto.",Tintas,Acrilica,Eucatex,346.43,56,ACR-EUC-MAR-18L-145,Paredes Internas e Externas
Tinta Acrilica Sherwin-Williams Rosa Claro 18L,"Tinta acrilica de alta qualidade para paredes internas e externas. Cor Rosa Claro, acabamento fosco. Rendimento alto.",Tintas,Acrilica,Sherwin-Williams,330.72,54,ACR-SHE-ROS-18L-146,Paredes Internas e Externas
Tinta Acrilica Anjo Rosa Antigo 900ml,"Tinta acrilica de alta qualidade para paredes internas e externas. Cor Rosa Antigo, acabamento fosco. Rendimento alto.",Tintas,Acrilica,Anjo,17.96,63,ACR-ANJ-ROS-900ml-147,Paredes Internas e Externas
Tinta Acrilica Lukscolor Amarelo 900ml,"Tinta acrilica de alta qualidade para paredes internas e externas. Cor Amarelo, acabamento fosco. Rendimento alto.",Tintas,Acrilica,Lukscolor,13.94,78,ACR-LUK-AMA-900ml-148,Paredes Internas e Externas
Tinta Acrilica Coral Azul Claro 900ml,"Tinta acrilica de alta qualidade para paredes internas e externas. Cor Azul Claro, acabamento fosco. Rendimento alto.",Tintas,Acrilica,Coral,15.69,50,ACR-COR-AZU-900ml-149,Paredes Internas e Externas
Tinta Acrilica Sherwin-Williams Vinho 3.6L,"Tinta acrilica de alta qualidade para paredes internas e externas. Cor Vinho, acabamento fosco. Rendimento alto.",Tintas,Acrilica,Sherwin-Williams,47.78,125,ACR-SHE-VIN-36L-150,Paredes Internas e Externas
Tinta Acrilica Renner Bege 900ml,"Tinta acrilica de alta qualidade para paredes internas e externas. Cor Bege, acabamento fosco. Rendimento alto.",Tintas,Acrilica,Renner,15.46,78,ACR-REN-BEG-900ml-151,Paredes Internas e Externas
Tinta Acrilica Suvinil Azul Marinho 900ml,"Tinta acrilica de alta qualidade para paredes internas e externas. Cor Azul Marinho, acabamento fosco. Rendimento alto.",Tintas,Acrilica,Suvinil,17.75,68,ACR-SUV-AZU-900ml-152,Paredes Internas e Externas
Tinta Acrilica Suvinil Amarelo Canario 900ml,"Tinta acrilica de alta qualidade para paredes internas e externas. Cor Amarelo Canario, acabamento fosco. Rendimento alto.",Tintas,Acrilica,Suvinil,20.44,21,ACR-SUV-AMA-900ml-153,Paredes Internas e Externas
Tinta Acrilica Eucatex Cinza Escuro 18L,"Tinta acrilica de alta qualidade para paredes internas e externas. Cor Cinza Escuro, acabamento fosco. Rendimento alto.",Tintas,Acrilica,Eucatex,304.07,53,ACR-EUC-CIN-18L-154,Paredes Internas e Externas
Tinta Acrilica Lukscolor Branco Neve 18L,"Tinta acrilica de alta qualidade para paredes internas e externas. Cor Branco Neve, acabamento fosco. Rendimento alto.",Tintas,Acrilica,Lukscolor,368.61,79,ACR-LUK-BRA-18L-155,Paredes Internas e Externas
Tinta Acrilica Suvinil Vermelho 18L,"Tinta acrilica de alta qualidade para paredes internas e externas. Cor Vermelho, acabamento fosco. Rendimento alto.",Tintas,Acrilica,Suvinil,248.97,23,ACR-SUV-VER-18L-156,Paredes Internas e Externas
Tinta Acrilica Dacar Coral 900ml,"Tinta acrilica de alta qualidade para paredes internas e externas. Cor Coral, acabamento fosco. Rendimento alto.",Tintas,Acrilica,Dacar,18.91,111,ACR-DAC-COR-900ml-157,Paredes Internas e Externas
Tinta Acrilica Dacar Marfim 3.6L,"Tinta acrilica de alta qualidade para paredes internas e externas. Cor Marfim, acabamento fosco. Rendimento alto.",Tintas,Acrilica,Dacar,84.2,32,ACR-DAC-MAR-36L-158,Paredes Internas e Externas
Tinta Acrilica Coral Lilas 3.6L,"Tinta acrilica de alta qualidade para paredes internas e externas. Cor Lilas, acabamento fosco. Rendimento alto.",Tintas,Acrilica,Coral,64.88,53,ACR-COR-LIL-36L-159,Paredes Internas e Externas
Tinta Acrilica Sherwin-Williams Verde Claro 18L,"Tinta acrilica de alta qualidade para paredes internas e externas. Cor Verde Claro, acabamento fosco. Rendimento alto.",Tintas,Acrilica,Sherwin-Williams,300.94,129,ACR-SHE-VER-18L-160,Paredes Internas e Externas
Tinta Acrilica Eucatex Lavanda 18L,"Tinta acrilica de alta qualidade para paredes internas e externas. Cor Lavanda, acabamento fosco. Rendimento alto.",Tintas,Acrilica,Eucatex,263.98,48,ACR-EUC-LAV-18L-161,Paredes Internas e Externas
Tinta Acrilica Coral Azul Royal 18L,"Tinta acrilica de alta qualidade para paredes internas e externas. Cor Azul Royal, acabamento fosco. Rendimento alto.",Tintas,Acrilica,Coral,309.82,55,ACR-COR-AZU-18L-162,Paredes Internas e Externas
Tinta Acrilica Anjo Marfim 900ml,"Tinta acrilica de alta qualidade para paredes internas e externas. Cor Marfim, acabamento fosco. Rendimento alto.",Tintas,Acrilica,Anjo,11.63,50,ACR-ANJ-MAR-900ml-163,Paredes Internas e Externas
Tinta Acrilica Renner Verde Claro 900ml,"Tinta acrilica de alta qualidade para paredes internas e externas. Cor Verde Claro, acabamento fosco. Rendimento alto.",Tintas,Acrilica,Renner,16.99,22,ACR-REN-VER-900ml-164,Paredes Internas e Externas
Tinta Acrilica Renner Bege 3.6L,"Tinta acrilica de alta qualidade para paredes internas e externas. Cor Bege, acabamento fosco. Rendimento alto.",Tintas,Acrilica,Renner,65.73,125,ACR-REN-BEG-36L-165,Paredes Internas e Externas
Tinta Acrilica Anjo Azul Claro 3.6L,"Tinta acrilica de alta qualidade para paredes internas e externas. Cor Azul Claro, acabamento fosco. Rendimento alto.",Tintas,Acrilica,Anjo,66.18,114,ACR-ANJ-AZU-36L-166,Paredes Internas e Externas
Tinta Acrilica Eucatex Rosa Antigo 3.6L,"Tinta acrilica de alta qualidade para paredes internas e externas. Cor Rosa Antigo, acabamento fosco. Rendimento alto.",Tintas,Acrilica,Eucatex,66.58,141,ACR-EUC-ROS-36L-167,Paredes Internas e Externas
Tinta Acrilica Dacar Laranja 18L,"Tinta acrilica de alta qualidade para paredes internas e externas. Cor Laranja, acabamento fosco. Rendimento alto.",Tintas,Acrilica,Dacar,303.74,41,ACR-DAC-LAR-18L-168,Paredes Internas e Externas
Tinta Acrilica Eucatex Grafite 3.6L,"Tinta acrilica de alta qualidade para paredes internas e externas. Cor Grafite, acabamento fosco. Rendimento alto.",Tintas,Acrilica,Eucatex,54.09,138,ACR-EUC-GRA-36L-169,Paredes Internas e Externas
Tinta Acrilica Lukscolor Lilas 900ml,"Tinta acrilica de alta qualidade para paredes internas e externas. Cor Lilas, acabamento fosco. Rendimento alto.",Tintas,Acrilica,Lukscolor,15.23,71,ACR-LUK-LIL-900ml-170,Paredes Internas e Externas
Tinta Acrilica Lukscolor Bege 3.6L,"Tinta acrilica de alta qualidade para paredes internas e externas. Cor Bege, acabamento fosco. Rendimento alto.",Tintas,Acrilica,Lukscolor,81.75,38,ACR-LUK-BEG-36L-171,Paredes Internas e Externas
Tinta Acrilica Dacar Verde Agua 900ml,"Tinta acrilica de alta qualidade para paredes internas e externas. Cor Verde Agua, acabamento fosco. Rendimento alto.",Tintas,Acrilica,Dacar,20.72,102,ACR-DAC-VER-900ml-172,Paredes Internas e Externas
Tinta Acrilica Renner Salmao 18L,"Tinta acrilica de alta qualidade para paredes internas e externas. Cor Salmao, acabamento fosco. Rendimento alto.",Tintas,Acrilica,Renner,352.77,89,ACR-REN-SAL-18L-173,Paredes Internas e Externas
Tinta Acrilica Lukscolor Roxo 18L,"Tinta acrilica de alta qualidade para paredes internas e externas. Cor Roxo, acabamento fosco. Rendimento alto.",Tintas,Acrilica,Lukscolor,344.34,145,ACR-LUK-ROX-18L-174,Paredes Internas e Externas
Tinta Acrilica Dacar Verde Agua 3.6L,"Tinta acrilica de alta qualidade para paredes internas e externas. Cor Verde Agua, acabamento fosco. Rendimento alto.",Tintas,Acrilica,Dacar,79.4,60,ACR-DAC-VER-36L-175,Paredes Internas e Externas
Tinta Acrilica Anjo Off-White 3.6L,"Tinta acrilica de alta qualidade para paredes internas e externas. Cor Off-White, acabamento fosco. Rendimento alto.",Tintas,Acrilica,Anjo,72.66,131,ACR-ANJ-OFF-36L-176,Paredes Internas e Externas
Tinta Acrilica Lukscolor Branco Gelo 18L,"Tinta acrilica de alta qualidade para paredes internas e externas. Cor Branco Gelo, acabamento fosco. Rendimento alto.",Tintas,Acrilica,Lukscolor,322.85,41,ACR-LUK-BRA-18L-177,Paredes Internas e Externas
Tinta Acrilica Coral Bege 3.6L,"Tinta acrilica de alta qualidade para paredes internas e externas. Cor Bege, acabamento fosco. Rendimento alto.",Tintas,Acrilica,Coral,78.66,122,ACR-COR-BEG-36L-178,Paredes Internas e Externas
Tinta Acrilica Lukscolor Roxo 18L,"Tinta acrilica de alta qualidade para paredes internas e externas. Cor Roxo, acabamento fosco. Rendimento alto.",Tintas,Acrilica,Lukscolor,331.23,112,ACR-LUK-ROX-18L-179,Paredes Internas e Externas
Tinta Acrilica Renner Lavanda 900ml,"Tinta acrilica de alta qualidade para paredes internas e externas. Cor Lavanda, acabamento fosco. Rendimento alto.",Tintas,Acrilica,Renner,18.95,142,ACR-REN-LAV-900ml-180,Paredes Internas e Externas
Tinta Acrilica Anjo Cinza Medio 3.6L,"Tinta acrilica de alta qualidade para paredes internas e externas. Cor Cinza Medio, acabamento fosco. Rendimento alto.",Tintas,Acrilica,Anjo,57.34,32,ACR-ANJ-CIN-36L-181,Paredes Internas e Externas
Tinta Acrilica Suvinil Preto 18L,"Tinta acrilica de alta qualidade para paredes internas e externas. Cor Preto, acabamento fosco. Rendimento alto.",Tintas,Acrilica,Suvinil,280.88,57,ACR-SUV-PRE-18L-182,Paredes Internas e Externas
Tinta Acrilica Anjo Lavanda 900ml,"Tinta acrilica de alta qualidade para paredes internas e externas. Cor Lavanda, acabamento fosco. Rendimento alto.",Tintas,Acrilica,Anjo,19.33,91,ACR-ANJ-LAV-900ml-183,Paredes Internas e Externas
Tinta Acrilica Dacar Azul Royal 3.6L,"Tinta acrilica de alta qualidade para paredes internas e externas. Cor Azul Royal, acabamento fosco. Rendimento alto.",Tintas,Acrilica,Dacar,62.2,76,ACR-DAC-AZU-36L-184,Paredes Internas e Externas
Tinta Acrilica Coral Rosa Antigo 900ml,"Tinta acrilica de alta qualidade para paredes internas e externas. Cor Rosa Antigo, acabamento fosco. Rendimento alto.",Tintas,Acrilica,Coral,14.96,81,ACR-COR-ROS-900ml-185,Paredes Internas e Externas
Tinta Acrilica Anjo Azul Marinho 3.6L,"Tinta acrilica de alta qualidade para paredes internas e externas. Cor Azul Marinho, acabamento fosco. Rendimento alto.",Tintas,Acrilica,Anjo,58.01,140,ACR-ANJ-AZU-36L-186,Paredes Internas e Externas
Tinta Acrilica Suvinil Palha 3.6L,"Tinta acrilica de alta qualidade para paredes internas e externas. Cor Palha, acabamento fosco. Rendimento alto.",Tintas,Acrilica,Suvinil,61.99,134,ACR-SUV-PAL-36L-187,Paredes Internas e Externas
Tinta Acrilica Coral Bege 3.6L,"Tinta acrilica de alta qualidade para paredes internas e externas. Cor Bege, acabamento fosco. Rendimento alto.",Tintas,Acrilica,Coral,58.65,119,ACR-COR-BEG-36L-188,Paredes Internas e Externas
Tinta Acrilica Sherwin-Williams Off-White 900ml,"Tinta acrilica de alta qualidade para paredes internas e externas. Cor Off-White, acabamento fosco. Rendimento alto.",Tintas,Acrilica,Sherwin-Williams,20.24,74,ACR-SHE-OFF-900ml-189,Paredes Internas e Externas
Tinta Acrilica Sherwin-Williams Rosa Claro 900ml,"Tinta acrilica de alta qualidade para paredes internas e externas. Cor Rosa Claro, acabamento fosco. Rendimento alto.",Tintas,Acrilica,Sherwin-Williams,11.86,116,ACR-SHE-ROS-900ml-190,Paredes Internas e Externas
Tinta Acrilica Coral Azul Celeste 900ml,"Tinta acrilica de alta qualidade para paredes internas e externas. Cor Azul Celeste, acabamento fosco. Rendimento alto.",Tintas,Acrilica,Coral,12.92,20,ACR-COR-AZU-900ml-191,Paredes Internas e Externas
Tinta Acrilica Anjo Azul Marinho 900ml,"Tinta acrilica de alta qualidade para paredes internas e externas. Cor Azul Marinho, acabamento fosco. Rendimento alto.",Tintas,Acrilica,Anjo,11.89,75,ACR-ANJ-AZU-900ml-192,Paredes Internas e Externas
Tinta Acrilica Lukscolor Azul Celeste 18L,"Tinta acrilica de alta qualidade para paredes internas e externas. Cor Azul Celeste, acabamento fosco. Rendimento alto.",Tintas,Acrilica,Lukscolor,280.1,118,ACR-LUK-AZU-18L-193,Paredes Internas e Externas
Tinta Acrilica Renner Branco 3.6L,"Tinta acrilica de alta qualidade para paredes internas e externas. Cor Branco, acabamento fosco. Rendimento alto.",Tintas,Acrilica,Renner,76.06,78,ACR-REN-BRA-36L-194,Paredes Internas e Externas
Tinta Acrilica Suvinil Coral 3.6L,"Tinta acrilica de alta qualidade para paredes internas e externas. Cor Coral, acabamento fosco. Rendimento alto.",Tintas,Acrilica,Suvinil,48.72,144,ACR-SUV-COR-36L-195,Paredes Internas e Externas
Tinta Acrilica Anjo Branco Neve 18L,"Tinta acrilica de alta qualidade para paredes internas e externas. Cor Branco Neve, acabamento fosco. Rendimento alto.",Tintas,Acrilica,Anjo,208.79,25,ACR-ANJ-BRA-18L-196,Paredes Internas e Externas
Tinta Acrilica Dacar Off-White 900ml,"Tinta acrilica de alta qualidade para paredes internas e externas. Cor Off-White, acabamento fosco. Rendimento alto.",Tintas,Acrilica,Dacar,19.33,132,ACR-DAC-OFF-900ml-197,Paredes Internas e Externas
Tinta Acrilica Renner Marfim 18L,"Tinta acrilica de alta qualidade para paredes internas e externas. Cor Marfim, acabamento fosco. Rendimento alto.",Tintas,Acrilica,Renner,363.25,89,ACR-REN-MAR-18L-198,Paredes Internas e Externas
Tinta Acrilica Eucatex Verde Agua 18L,"Tinta acrilica de alta qualidade para paredes internas e externas. Cor Verde Agua, acabamento fosco. Rendimento alto.",Tintas,Acrilica,Eucatex,355.06,118,ACR-EUC-VER-18L-199,Paredes Internas e Externas
Tinta Latex Economica Renner Branco Gelo 3.6L,Tinta latex economica para ambientes internos. Secagem rapida. Cor Branco Gelo.,Tintas,Latex,Renner,28.51,171,LAT-REN-BRA-36L-0,Paredes Internas
Tinta Latex Economica Lukscolor Bege 18L,Tinta latex economica para ambientes internos. Secagem rapida. Cor Bege.,Tintas,Latex,Lukscolor,141.43,63,LAT-LUK-BEG-18L-1,Paredes Internas
Tinta Latex Economica Suvinil Cinza Claro 18L,Tinta latex economica para ambientes internos. Secagem rapida. Cor Cinza Claro.,Tintas,Latex,Suvinil,139.71,131,LAT-SUV-CIN-18L-2,Paredes Internas
Tinta Latex Economica Dacar Cinza Claro 3.6L,Tinta latex economica para ambientes internos. Secagem rapida. Cor Cinza Claro.,Tintas,Latex,Dacar,32.88,66,LAT-DAC-CIN-36L-3,Paredes Internas
Tinta Latex Economica Suvinil Branco Gelo 900ml,Tinta latex economica para ambientes internos. Secagem rapida. Cor Branco Gelo.,Tintas,Latex,Suvinil,8.81,161,LAT-SUV-BRA-900ml-4,Paredes Internas
Tinta Latex Economica Anjo Marfim 900ml,Tinta latex economica para ambientes internos. Secagem rapida. Cor Marfim.,Tintas,Latex,Anjo,8.08,31,LAT-ANJ-MAR-900ml-5,Paredes Internas
Tinta Latex Economica Renner Cinza Claro 18L,Tinta latex economica para ambientes internos. Secagem rapida. Cor Cinza Claro.,Tintas,Latex,Renner,145.48,109,LAT-REN-CIN-18L-6,Paredes Internas
Tinta Latex Economica Renner Branco 900ml,Tinta latex economica para ambientes internos. Secagem rapida. Cor Branco.,Tintas,Latex,Renner,8.76,126,LAT-REN-BRA-900ml-7,Paredes Internas
Tinta Latex Economica Eucatex Branco Gelo 900ml,Tinta latex economica para ambientes internos. Secagem rapida. Cor Branco Gelo.,Tintas,Latex,Eucatex,9.51,150,LAT-EUC-BRA-900ml-8,Paredes Internas
Tinta Latex Economica Lukscolor Bege 18L,Tinta latex economica para ambientes internos. Secagem rapida. Cor Bege.,Tintas,Latex,Lukscolor,179.81,167,LAT-LUK-BEG-18L-9,Paredes Internas
Tinta Latex Economica Dacar Marfim 3.6L,Tinta latex economica para ambientes internos. Secagem rapida. Cor Marfim.,Tintas,Latex,Dacar,44.17,109,LAT-DAC-MAR-36L-10,Paredes Internas
Tinta Latex Economica Sherwin-Williams Branco Gelo 900ml,Tinta latex economica para ambientes internos. Secagem rapida. Cor Branco Gelo.,Tintas,Latex,Sherwin-Williams,9.54,152,LAT-SHE-BRA-900ml-11,Paredes Internas
Tinta Latex Economica Dacar Branco Gelo 900ml,Tinta latex economica para ambientes internos. Secagem rapida. Cor Branco Gelo.,Tintas,Latex,Dacar,9.83,51,LAT-DAC-BRA-900ml-12,Paredes Internas
Tinta Latex Economica Sherwin-Williams Bege 3.6L,Tinta latex economica para ambientes internos. Secagem rapida. Cor Bege.,Tintas,Latex,Sherwin-Williams,43.76,116,LAT-SHE-BEG-36L-13,Paredes Internas
Tinta Latex Economica Anjo Branco 3.6L,Tinta latex economica para ambientes internos. Secagem rapida. Cor Branco.,Tintas,Latex,Anjo,34.33,122,LAT-ANJ-BRA-36L-14,Paredes Internas
Tinta Latex Economica Suvinil Cinza Claro 18L,Tinta latex economica para ambientes internos. Secagem rapida. Cor Cinza Claro.,Tintas,Latex,Suvinil,137.21,82,LAT-SUV-CIN-18L-15,Paredes Internas
Tinta Latex Economica Renner Cinza Claro 18L,Tinta latex economica para ambientes internos. Secagem rapida. Cor Cinza Claro.,Tintas,Latex,Renner,152.29,131,LAT-REN-CIN-18L-16,Paredes Internas
Tinta Latex Economica Renner Cinza Claro 3.6L,Tinta latex economica para ambientes internos. Secagem rapida. Cor Cinza Claro.,Tintas,Latex,Renner,35.07,129,LAT-REN-CIN-36L-17,Paredes Internas
Tinta Latex Economica Renner Branco 18L,Tinta latex economica para ambientes internos. Secagem rapida. Cor Branco.,Tintas,Latex,Renner,159.63,137,LAT-REN-BRA-18L-18,Paredes Internas
Tinta Latex Economica Coral Cinza Claro 18L,Tinta latex economica para ambientes internos. Secagem rapida. Cor Cinza Claro.,Tintas,Latex,Coral,130.13,41,LAT-COR-CIN-18L-19,Paredes Internas
Tinta Latex Economica Suvinil Branco 900ml,Tinta latex economica para ambientes internos. Secagem rapida. Cor Branco.,Tintas,Latex,Suvinil,11.15,169,LAT-SUV-BRA-900ml-20,Paredes Internas
Tinta Latex Economica Lukscolor Marfim 3.6L,Tinta latex economica para ambientes internos. Secagem rapida. Cor Marfim.,Tintas,Latex,Lukscolor,31.88,46,LAT-LUK-MAR-36L-21,Paredes Internas
Tinta Latex Economica Sherwin-Williams Cinza Claro 3.6L,Tinta latex economica para ambientes internos. Secagem rapida. Cor Cinza Claro.,Tintas,Latex,Sherwin-Williams,39.62,191,LAT-SHE-CIN-36L-22,Paredes Internas
Tinta Latex Economica Anjo Branco Gelo 18L,Tinta latex economica para ambientes internos. Secagem rapida. Cor Branco Gelo.,Tintas,Latex,Anjo,151.42,186,LAT-ANJ-BRA-18L-23,Paredes Internas
Tinta Latex Economica Lukscolor Bege 900ml,Tinta latex economica para ambientes internos. Secagem rapida. Cor Bege.,Tintas,Latex,Lukscolor,8.92,47,LAT-LUK-BEG-900ml-24,Paredes Internas
Tinta Latex Economica Dacar Bege 900ml,Tinta latex economica para ambientes internos. Secagem rapida. Cor Bege.,Tintas,Latex,Dacar,7.33,126,LAT-DAC-BEG-900ml-25,Paredes Internas
Tinta Latex Economica Eucatex Cinza Claro 18L,Tinta latex economica para ambientes internos. Secagem rapida. Cor Cinza Claro.,Tintas,Latex,Eucatex,168.42,164,LAT-EUC-CIN-18L-26,Paredes Internas
Tinta Latex Economica Sherwin-Williams Marfim 3.6L,Tinta latex economica para ambientes internos. Secagem rapida. Cor Marfim.,Tintas,Latex,Sherwin-Williams,31.58,134,LAT-SHE-MAR-36L-27,Paredes Internas
Tinta Latex Economica Dacar Marfim 900ml,Tinta latex economica para ambientes internos. Secagem rapida. Cor Marfim.,Tintas,Latex,Dacar,10.53,162,LAT-DAC-MAR-900ml-28,Paredes Internas
Tinta Latex Economica Eucatex Branco 900ml,Tinta latex economica para ambientes internos. Secagem rapida. Cor Branco.,Tintas,Latex,Eucatex,10.24,34,LAT-EUC-BRA-900ml-29,Paredes Internas
Tinta Latex Economica Sherwin-Williams Bege 3.6L,Tinta latex economica para ambientes internos. Secagem rapida. Cor Bege.,Tintas,Latex,Sherwin-Williams,32.93,125,LAT-SHE-BEG-36L-30,Paredes Internas
Tinta Latex Economica Suvinil Branco 18L,Tinta latex economica para ambientes internos. Secagem rapida. Cor Branco.,Tintas,Latex,Suvinil,153.19,35,LAT-SUV-BRA-18L-31,Paredes Internas
Tinta Latex Economica Eucatex Cinza Claro 3.6L,Tinta latex economica para ambientes internos. Secagem rapida. Cor Cinza Claro.,Tintas,Latex,Eucatex,29.54,42,LAT-EUC-CIN-36L-32,Paredes Internas
Tinta Latex Economica Eucatex Branco Gelo 900ml,Tinta latex economica para ambientes internos. Secagem rapida. Cor Branco Gelo.,Tintas,Latex,Eucatex,8.65,136,LAT-EUC-BRA-900ml-33,Paredes Internas
Tinta Latex Economica Renner Cinza Claro 3.6L,Tinta latex economica para ambientes internos. Secagem rapida. Cor Cinza Claro.,Tintas,Latex,Renner,44.6,98,LAT-REN-CIN-36L-34,Paredes Internas
Tinta Latex Economica Dacar Branco Gelo 900ml,Tinta latex economica para ambientes internos. Secagem rapida. Cor Branco Gelo.,Tintas,Latex,Dacar,11.16,70,LAT-DAC-BRA-900ml-35,Paredes Internas
Tinta Latex Economica Dacar Branco Gelo 3.6L,Tinta latex economica para ambientes internos. Secagem rapida. Cor Branco Gelo.,Tintas,Latex,Dacar,32.02,83,LAT-DAC-BRA-36L-36,Paredes Internas
Tinta Latex Economica Lukscolor Bege 3.6L,Tinta latex economica para ambientes internos. Secagem rapida. Cor Bege.,Tintas,Latex,Lukscolor,30.24,38,LAT-LUK-BEG-36L-37,Paredes Internas
Tinta Latex Economica Dacar Marfim 18L,Tinta latex economica para ambientes internos. Secagem rapida. Cor Marfim.,Tintas,Latex,Dacar,181.01,153,LAT-DAC-MAR-18L-38,Paredes Internas
Tinta Latex Economica Renner Cinza Claro 18L,Tinta latex economica para ambientes internos. Secagem rapida. Cor Cinza Claro.,Tintas,Latex,Renner,164.34,200,LAT-REN-CIN-18L-39,Paredes Internas
Tinta Latex Economica Eucatex Branco Gelo 3.6L,Tinta latex economica para ambientes internos. Secagem rapida. Cor Branco Gelo.,Tintas,Latex,Eucatex,43.06,185,LAT-EUC-BRA-36L-40,Paredes Internas
Tinta Latex Economica Suvinil Cinza Claro 3.6L,Tinta latex economica para ambientes internos. Secagem rapida. Cor Cinza Claro.,Tintas,Latex,Suvinil,38.61,193,LAT-SUV-CIN-36L-41,Paredes Internas
Tinta Latex Economica Sherwin-Williams Cinza Claro 3.6L,Tinta latex economica para ambientes internos. Secagem rapida. Cor Cinza Claro.,Tintas,Latex,Sherwin-Williams,43.19,174,LAT-SHE-CIN-36L-42,Paredes Internas
Tinta Latex Economica Suvinil Marfim 3.6L,Tinta latex economica para ambientes internos. Secagem rapida. Cor Marfim.,Tintas,Latex,Suvinil,40.8,113,LAT-SUV-MAR-36L-43,Paredes Internas
Tinta Latex Economica Lukscolor Cinza Claro 3.6L,Tinta latex economica para ambientes internos. Secagem rapida. Cor Cinza Claro.,Tintas,Latex,Lukscolor,40.08,30,LAT-LUK-CIN-36L-44,Paredes Internas
Tinta Latex Economica Sherwin-Williams Branco 900ml,Tinta latex economica para ambientes internos. Secagem rapida. Cor Branco.,Tintas,Latex,Sherwin-Williams,9.59,149,LAT-SHE-BRA-900ml-45,Paredes Internas
Tinta Latex Economica Coral Bege 3.6L,Tinta latex economica para ambientes internos. Secagem rapida. Cor Bege.,Tintas,Latex,Coral,42.85,80,LAT-COR-BEG-36L-46,Paredes Internas
Tinta Latex Economica Sherwin-Williams Bege 900ml,Tinta latex economica para ambientes internos. Secagem rapida. Cor Bege.,Tintas,Latex,Sherwin-Williams,7.16,37,LAT-SHE-BEG-900ml-47,Paredes Internas
Tinta Latex Economica Sherwin-Williams Branco Gelo 900ml,Tinta latex economica para ambientes internos. Secagem rapida. Cor Branco Gelo.,Tintas,Latex,Sherwin-Williams,11.23,191,LAT-SHE-BRA-900ml-48,Paredes Internas
Tinta Latex Economica Renner Bege 3.6L,Tinta latex economica para ambientes internos. Secagem rapida. Cor Bege.,Tintas,Latex,Renner,41.04,180,LAT-REN-BEG-36L-49,Paredes Internas
Tinta Latex Economica Eucatex Bege 18L,Tinta latex economica para ambientes internos. Secagem rapida. Cor Bege.,Tintas,Latex,Eucatex,187.68,95,LAT-EUC-BEG-18L-50,Paredes Internas
Tinta Latex Economica Lukscolor Branco Gelo 18L,Tinta latex economica para ambientes internos. Secagem rapida. Cor Branco Gelo.,Tintas,Latex,Lukscolor,182.76,46,LAT-LUK-BRA-18L-51,Paredes Internas
Tinta Latex Economica Eucatex Marfim 900ml,Tinta latex economica para ambientes internos. Secagem rapida. Cor Marfim.,Tintas,Latex,Eucatex,8.78,78,LAT-EUC-MAR-900ml-52,Paredes Internas
Tinta Latex Economica Suvinil Branco Gelo 900ml,Tinta latex economica para ambientes internos. Secagem rapida. Cor Branco Gelo.,Tintas,Latex,Suvinil,10.11,44,LAT-SUV-BRA-900ml-53,Paredes Internas
Tinta Latex Economica Anjo Marfim 900ml,Tinta latex economica para ambientes internos. Secagem rapida. Cor Marfim.,Tintas,Latex,Anjo,8.19,93,LAT-ANJ-MAR-900ml-54,Paredes Internas
Tinta Latex Economica Renner Branco 3.6L,Tinta latex economica para ambientes internos. Secagem rapida. Cor Branco.,Tintas,Latex,Renner,40.98,68,LAT-REN-BRA-36L-55,Paredes Internas
Tinta Latex Economica Renner Branco Gelo 3.6L,Tinta latex economica para ambientes internos. Secagem rapida. Cor Branco Gelo.,Tintas,Latex,Renner,42.7,86,LAT-REN-BRA-36L-56,Paredes Internas
Tinta Latex Economica Lukscolor Bege 900ml,Tinta latex economica para ambientes internos. Secagem rapida. Cor Bege.,Tintas,Latex,Lukscolor,8.78,109,LAT-LUK-BEG-900ml-57,Paredes Internas
Tinta Latex Economica Eucatex Bege 3.6L,Tinta latex economica para ambientes internos. Secagem rapida. Cor Bege.,Tintas,Latex,Eucatex,31.48,118,LAT-EUC-BEG-36L-58,Paredes Internas
Tinta Latex Economica Suvinil Branco 18L,Tinta latex economica para ambientes internos. Secagem rapida. Cor Branco.,Tintas,Latex,Suvinil,127.53,131,LAT-SUV-BRA-18L-59,Paredes Internas
Tinta Latex Economica Coral Bege 900ml,Tinta latex economica para ambientes internos. Secagem rapida. Cor Bege.,Tintas,Latex,Coral,9.66,86,LAT-COR-BEG-900ml-60,Paredes Internas
Tinta Latex Economica Sherwin-Williams Cinza Claro 900ml,Tinta latex economica para ambientes internos. Secagem rapida. Cor Cinza Claro.,Tintas,Latex,Sherwin-Williams,7.58,89,LAT-SHE-CIN-900ml-61,Paredes Internas
Tinta Latex Economica Dacar Branco Gelo 900ml,Tinta latex economica para ambientes internos. Secagem rapida. Cor Branco Gelo.,Tintas,Latex,Dacar,7.55,64,LAT-DAC-BRA-900ml-62,Paredes Internas
Tinta Latex Economica Renner Branco Gelo 3.6L,Tinta latex economica para ambientes internos. Secagem rapida. Cor Branco Gelo.,Tintas,Latex,Renner,36.63,159,LAT-REN-BRA-36L-63,Paredes Internas
Tinta Latex Economica Renner Branco 18L,Tinta latex economica para ambientes internos. Secagem rapida. Cor Branco.,Tintas,Latex,Renner,157.64,96,LAT-REN-BRA-18L-64,Paredes Internas
Tinta Latex Economica Dacar Branco Gelo 18L,Tinta latex economica para ambientes internos. Secagem rapida. Cor Branco Gelo.,Tintas,Latex,Dacar,126.54,122,LAT-DAC-BRA-18L-65,Paredes Internas
Tinta Latex Economica Eucatex Bege 18L,Tinta latex economica para ambientes internos. Secagem rapida. Cor Bege.,Tintas,Latex,Eucatex,137.03,161,LAT-EUC-BEG-18L-66,Paredes Internas
Tinta Latex Economica Eucatex Marfim 3.6L,Tinta latex economica para ambientes internos. Secagem rapida. Cor Marfim.,Tintas,Latex,Eucatex,41.63,60,LAT-EUC-MAR-36L-67,Paredes Internas
Tinta Latex Economica Suvinil Bege 3.6L,Tinta latex economica para ambientes internos. Secagem rapida. Cor Bege.,Tintas,Latex,Suvinil,38.41,71,LAT-SUV-BEG-36L-68,Paredes Internas
Tinta Latex Economica Eucatex Bege 900ml,Tinta latex economica para ambientes internos. Secagem rapida. Cor Bege.,Tintas,Latex,Eucatex,9.1,86,LAT-EUC-BEG-900ml-69,Paredes Internas
Tinta Latex Economica Coral Cinza Claro 900ml,Tinta latex economica para ambientes internos. Secagem rapida. Cor Cinza Claro.,Tintas,Latex,Coral,7.05,72,LAT-COR-CIN-900ml-70,Paredes Internas
Tinta Latex Economica Coral Branco Gelo 18L,Tinta latex economica para ambientes internos. Secagem rapida. Cor Branco Gelo.,Tintas,Latex,Coral,130.57,115,LAT-COR-BRA-18L-71,Paredes Internas
Tinta Latex Economica Renner Marfim 900ml,Tinta latex economica para ambientes internos. Secagem rapida. Cor Marfim.,Tintas,Latex,Renner,9.42,164,LAT-REN-MAR-900ml-72,Paredes Internas
Tinta Latex Economica Dacar Marfim 18L,Tinta latex economica para ambientes internos. Secagem rapida. Cor Marfim.,Tintas,Latex,Dacar,148.51,140,LAT-DAC-MAR-18L-73,Paredes Internas
Tinta Latex Economica Dacar Branco Gelo 18L,Tinta latex economica para ambientes internos. Secagem rapida. Cor Branco Gelo.,Tintas,Latex,Dacar,154.29,52,LAT-DAC-BRA-18L-74,Paredes Internas
Tinta Latex Economica Lukscolor Cinza Claro 18L,Tinta latex economica para ambientes internos. Secagem rapida. Cor Cinza Claro.,Tintas,Latex,Lukscolor,186.43,86,LAT-LUK-CIN-18L-75,Paredes Internas
Tinta Latex Economica Renner Branco Gelo 900ml,Tinta latex economica para ambientes internos. Secagem rapida. Cor Branco Gelo.,Tintas,Latex,Renner,7.24,131,LAT-REN-BRA-900ml-76,Paredes Internas
Tinta Latex Economica Eucatex Cinza Claro 3.6L,Tinta latex economica para ambientes internos. Secagem rapida. Cor Cinza Claro.,Tintas,Latex,Eucatex,43.82,149,LAT-EUC-CIN-36L-77,Paredes Internas
Tinta Latex Economica Coral Marfim 900ml,Tinta latex economica para ambientes internos. Secagem rapida. Cor Marfim.,Tintas,Latex,Coral,8.02,186,LAT-COR-MAR-900ml-78,Paredes Internas
Tinta Latex Economica Sherwin-Williams Branco 900ml,Tinta latex economica para ambientes internos. Secagem rapida. Cor Branco.,Tintas,Latex,Sherwin-Williams,7.73,120,LAT-SHE-BRA-900ml-79,Paredes Internas
Esmalte Sintetico Eucatex Cinza Acetinado 3.6L,"Esmalte sintetico de alta durabilidade para madeiras e metais. Cor Cinza, acabamento acetinado.",Tintas,Esmalte Sintetico,Eucatex,258.04,21,ESM-EUC-CIN-0,Madeira e Metal
Esmalte Sintetico Eucatex Cinza Acetinado 3.6L,"Esmalte sintetico de alta durabilidade para madeiras e metais. Cor Cinza, acabamento acetinado.",Tintas,Esmalte Sintetico,Eucatex,254.43,93,ESM-EUC-CIN-1,Madeira e Metal
Esmalte Sintetico Lukscolor Marrom Brilhante 900ml,"Esmalte sintetico de alta durabilidade para madeiras e metais. Cor Marrom, acabamento brilhante.",Tintas,Esmalte Sintetico,Lukscolor,67.74,66,ESM-LUK-MAR-2,Madeira e Metal
Esmalte Sintetico Coral Verde Brilhante 900ml,"Esmalte sintetico de alta durabilidade para madeiras e metais. Cor Verde, acabamento brilhante.",Tintas,Esmalte Sintetico,Coral,74.82,31,ESM-COR-VER-3,Madeira e Metal
Esmalte Sintetico Eucatex Vermelho Acetinado 3.6L,"Esmalte sintetico de alta durabilidade para madeiras e metais. Cor Vermelho, acabamento acetinado.",Tintas,Esmalte Sintetico,Eucatex,218.57,59,ESM-EUC-VER-4,Madeira e Metal
Esmalte Sintetico Eucatex Vermelho Brilhante 900ml,"Esmalte sintetico de alta durabilidade para madeiras e metais. Cor Vermelho, acabamento brilhante.",Tintas,Esmalte Sintetico,Eucatex,75.06,79,ESM-EUC-VER-5,Madeira e Metal
Esmalte Sintetico Coral Marrom Brilhante 900ml,"Esmalte sintetico de alta durabilidade para madeiras e metais. Cor Marrom, acabamento brilhante.",Tintas,Esmalte Sintetico,Coral,56.76,76,ESM-COR-MAR-6,Madeira e Metal
Esmalte Sintetico Eucatex Cinza Brilhante 3.6L,"Esmalte sintetico de alta durabilidade para madeiras e metais. Cor Cinza, acabamento brilhante.",Tintas,Esmalte Sintetico,Eucatex,254.32,26,ESM-EUC-CIN-7,Madeira e Metal
Esmalte Sintetico Coral Amarelo Acetinado 3.6L,"Esmalte sintetico de alta durabilidade para madeiras e metais. Cor Amarelo, acabamento acetinado.",Tintas,Esmalte Sintetico,Coral,265.77,29,ESM-COR-AMA-8,Madeira e Metal
Esmalte Sintetico Eucatex Vermelho Brilhante 900ml,"Esmalte sintetico de alta durabilidade para madeiras e metais. Cor Vermelho, acabamento brilhante.",Tintas,Esmalte Sintetico,Eucatex,55.46,51,ESM-EUC-VER-9,Madeira e Metal
Esmalte Sintetico Suvinil Verde Brilhante 900ml,"Esmalte sintetico de alta durabilidade para madeiras e metais. Cor Verde, acabamento brilhante.",Tintas,Esmalte Sintetico,Suvinil,75.73,26,ESM-SUV-VER-10,Madeira e Metal
Esmalte Sintetico Suvinil Branco Brilhante 3.6L,"Esmalte sintetico de alta durabilidade para madeiras e metais. Cor Branco, acabamento brilhante.",Tintas,Esmalte Sintetico,Suvinil,285.47,23,ESM-SUV-BRA-11,Madeira e Metal
Esmalte Sintetico Lukscolor Verde Brilhante 3.6L,"Esmalte sintetico de alta durabilidade para madeiras e metais. Cor Verde, acabamento brilhante.",Tintas,Esmalte Sintetico,Lukscolor,211.8,33,ESM-LUK-VER-12,Madeira e Metal
Esmalte Sintetico Sherwin-Williams Vermelho Acetinado 900ml,"Esmalte sintetico de alta durabilidade para madeiras e metais. Cor Vermelho, acabamento acetinado.",Tintas,Esmalte Sintetico,Sherwin-Williams,63.47,49,ESM-SHE-VER-13,Madeira e Metal
Esmalte Sintetico Sherwin-Williams Verde Acetinado 900ml,"Esmalte sintetico de alta durabilidade para madeiras e metais. Cor Verde, acabamento acetinado.",Tintas,Esmalte Sintetico,Sherwin-Williams,56.81,26,ESM-SHE-VER-14,Madeira e Metal
Esmalte Sintetico Suvinil Vermelho Acetinado 900ml,"Esmalte sintetico de alta durabilidade para madeiras e metais. Cor Vermelho, acabamento acetinado.",Tintas,Esmalte Sintetico,Suvinil,81.86,94,ESM-SUV-VER-15,Madeira e Metal
Esmalte Sintetico Sherwin-Williams Branco Brilhante 3.6L,"Esmalte sintetico de alta durabilidade para madeiras e metais. Cor Branco, acabamento brilhante.",Tintas,Esmalte Sintetico,Sherwin-Williams,288.11,94,ESM-SHE-BRA-16,Madeira e Metal
Esmalte Sintetico Sherwin-Williams Verde Acetinado 3.6L,"Esmalte sintetico de alta durabilidade para madeiras e metais. Cor Verde, acabamento acetinado.",Tintas,Esmalte Sintetico,Sherwin-Williams,197.44,67,ESM-SHE-VER-17,Madeira e Metal
Esmalte Sintetico Lukscolor Preto Acetinado 900ml,"Esmalte sintetico de alta durabilidade para madeiras e metais. Cor Preto, acabamento acetinado.",Tintas,Esmalte Sintetico,Lukscolor,59.26,43,ESM-LUK-PRE-18,Madeira e Metal
Esmalte Sintetico Lukscolor Marrom Acetinado 3.6L,"Esmalte sintetico de alta durabilidade para madeiras e metais. Cor Marrom, acabamento acetinado.",Tintas,Esmalte Sintetico,Lukscolor,216.52,85,ESM-LUK-MAR-19,Madeira e Metal
Esmalte Sintetico Coral Preto Brilhante 3.6L,"Esmalte sintetico de alta durabilidade para madeiras e metais. Cor Preto, acabamento brilhante.",Tintas,Esmalte Sintetico,Coral,265.92,54,ESM-COR-PRE-20,Madeira e Metal
Esmalte Sintetico Coral Cinza Brilhante 900ml,"Esmalte sintetico de alta durabilidade para madeiras e metais. Cor Cinza, acabamento brilhante.",Tintas,Esmalte Sintetico,Coral,70.19,72,ESM-COR-CIN-21,Madeira e Metal
Esmalte Sintetico Suvinil Marrom Acetinado 900ml,"Esmalte sintetico de alta durabilidade para madeiras e metais. Cor Marrom, acabamento acetinado.",Tintas,Esmalte Sintetico,Suvinil,69.8,100,ESM-SUV-MAR-22,Madeira e Metal
Esmalte Sintetico Lukscolor Branco Brilhante 3.6L,"Esmalte sintetico de alta durabilidade para madeiras e metais. Cor Branco, acabamento brilhante.",Tintas,Esmalte Sintetico,Lukscolor,279.62,61,ESM-LUK-BRA-23,Madeira e Metal
Esmalte Sintetico Lukscolor Marrom Acetinado 900ml,"Esmalte sintetico de alta durabilidade para madeiras e metais. Cor Marrom, acabamento acetinado.",Tintas,Esmalte Sintetico,Lukscolor,67.47,96,ESM-LUK-MAR-24,Madeira e Metal
Esmalte Sintetico Lukscolor Branco Brilhante 900ml,"Esmalte sintetico de alta durabilidade para madeiras e metais. Cor Branco, acabamento brilhante.",Tintas,Esmalte Sintetico,Lukscolor,83.67,61,ESM-LUK-BRA-25,Madeira e Metal
Esmalte Sintetico Lukscolor Amarelo Brilhante 3.6L,"Esmalte sintetico de alta durabilidade para madeiras e metais. Cor Amarelo, acabamento brilhante.",Tintas,Esmalte Sintetico,Lukscolor,280.78,70,ESM-LUK-AMA-26,Madeira e Metal
Esmalte Sintetico Eucatex Azul Brilhante 900ml,"Esmalte sintetico de alta durabilidade para madeiras e metais. Cor Azul, acabamento brilhante.",Tintas,Esmalte Sintetico,Eucatex,68.69,47,ESM-EUC-AZU-27,Madeira e Metal
Esmalte Sintetico Coral Cinza Acetinado 900ml,"Esmalte sintetico de alta durabilidade para madeiras e metais. Cor Cinza, acabamento acetinado.",Tintas,Esmalte Sintetico,Coral,60.3,91,ESM-COR-CIN-28,Madeira e Metal
Esmalte Sintetico Eucatex Azul Acetinado 3.6L,"Esmalte sintetico de alta durabilidade para madeiras e metais. Cor Azul, acabamento acetinado.",Tintas,Esmalte Sintetico,Eucatex,245.91,29,ESM-EUC-AZU-29,Madeira e Metal
Esmalte Sintetico Eucatex Marrom Brilhante 3.6L,"Esmalte sintetico de alta durabilidade para madeiras e metais. Cor Marrom, acabamento brilhante.",Tintas,Esmalte Sintetico,Eucatex,280.41,21,ESM-EUC-MAR-30,Madeira e Metal
Esmalte Sintetico Eucatex Marrom Acetinado 3.6L,"Esmalte sintetico de alta durabilidade para madeiras e metais. Cor Marrom, acabamento acetinado.",Tintas,Esmalte Sintetico,Eucatex,263.56,86,ESM-EUC-MAR-31,Madeira e Metal
Esmalte Sintetico Suvinil Amarelo Brilhante 3.6L,"Esmalte sintetico de alta durabilidade para madeiras e metais. Cor Amarelo, acabamento brilhante.",Tintas,Esmalte Sintetico,Suvinil,239.16,66,ESM-SUV-AMA-32,Madeira e Metal
Esmalte Sintetico Eucatex Preto Brilhante 900ml,"Esmalte sintetico de alta durabilidade para madeiras e metais. Cor Preto, acabamento brilhante.",Tintas,Esmalte Sintetico,Eucatex,76.92,93,ESM-EUC-PRE-33,Madeira e Metal
Esmalte Sintetico Sherwin-Williams Preto Brilhante 3.6L,"Esmalte sintetico de alta durabilidade para madeiras e metais. Cor Preto, acabamento brilhante.",Tintas,Esmalte Sintetico,Sherwin-Williams,275.31,75,ESM-SHE-PRE-34,Madeira e Metal
Esmalte Sintetico Sherwin-Williams Cinza Brilhante 900ml,"Esmalte sintetico de alta durabilidade para madeiras e metais. Cor Cinza, acabamento brilhante.",Tintas,Esmalte Sintetico,Sherwin-Williams,67.59,26,ESM-SHE-CIN-35,Madeira e Metal
Esmalte Sintetico Sherwin-Williams Amarelo Brilhante 3.6L,"Esmalte sintetico de alta durabilidade para madeiras e metais. Cor Amarelo, acabamento brilhante.",Tintas,Esmalte Sintetico,Sherwin-Williams,289.83,99,ESM-SHE-AMA-36,Madeira e Metal
Esmalte Sintetico Suvinil Branco Acetinado 900ml,"Esmalte sintetico de alta durabilidade para madeiras e metais. Cor Branco, acabamento acetinado.",Tintas,Esmalte Sintetico,Suvinil,73.92,20,ESM-SUV-BRA-37,Madeira e Metal
Esmalte Sintetico Lukscolor Vermelho Brilhante 3.6L,"Esmalte sintetico de alta durabilidade para madeiras e metais. Cor Vermelho, acabamento brilhante.",Tintas,Esmalte Sintetico,Lukscolor,262.78,52,ESM-LUK-VER-38,Madeira e Metal
Esmalte Sintetico Eucatex Amarelo Brilhante 3.6L,"Esmalte sintetico de alta durabilidade para madeiras e metais. Cor Amarelo, acabamento brilhante.",Tintas,Esmalte Sintetico,Eucatex,270.97,23,ESM-EUC-AMA-39,Madeira e Metal
Esmalte Sintetico Eucatex Branco Brilhante 900ml,"Esmalte sintetico de alta durabilidade para madeiras e metais. Cor Branco, acabamento brilhante.",Tintas,Esmalte Sintetico,Eucatex,80.31,67,ESM-EUC-BRA-40,Madeira e Metal
Esmalte Sintetico Eucatex Amarelo Brilhante 900ml,"Esmalte sintetico de alta durabilidade para madeiras e metais. Cor Amarelo, acabamento brilhante.",Tintas,Esmalte Sintetico,Eucatex,59.0,77,ESM-EUC-AMA-41,Madeira e Metal
Esmalte Sintetico Eucatex Azul Acetinado 900ml,"Esmalte sintetico de alta durabilidade para madeiras e metais. Cor Azul, acabamento acetinado.",Tintas,Esmalte Sintetico,Eucatex,61.09,39,ESM-EUC-AZU-42,Madeira e Metal
Esmalte Sintetico Lukscolor Cinza Acetinado 900ml,"Esmalte sintetico de alta durabilidade para madeiras e metais. Cor Cinza, acabamento acetinado.",Tintas,Esmalte Sintetico,Lukscolor,73.4,32,ESM-LUK-CIN-43,Madeira e Metal
Esmalte Sintetico Coral Amarelo Acetinado 3.6L,"Esmalte sintetico de alta durabilidade para madeiras e metais. Cor Amarelo, acabamento acetinado.",Tintas,Esmalte Sintetico,Coral,231.68,78,ESM-COR-AMA-44,Madeira e Metal
Esmalte Sintetico Sherwin-Williams Cinza Acetinado 3.6L,"Esmalte sintetico de alta durabilidade para madeiras e metais. Cor Cinza, acabamento acetinado.",Tintas,Esmalte Sintetico,Sherwin-Williams,244.3,30,ESM-SHE-CIN-45,Madeira e Metal
Esmalte Sintetico Suvinil Amarelo Acetinado 3.6L,"Esmalte sintetico de alta durabilidade para madeiras e metais. Cor Amarelo, acabamento acetinado.",Tintas,Esmalte Sintetico,Suvinil,243.2,63,ESM-SUV-AMA-46,Madeira e Metal
Esmalte Sintetico Coral Azul Brilhante 3.6L,"Esmalte sintetico de alta durabilidade para madeiras e metais. Cor Azul, acabamento brilhante.",Tintas,Esmalte Sintetico,Coral,224.04,55,ESM-COR-AZU-47,Madeira e Metal
Esmalte Sintetico Sherwin-Williams Verde Acetinado 900ml,"Esmalte sintetico de alta durabilidade para madeiras e metais. Cor Verde, acabamento acetinado.",Tintas,Esmalte Sintetico,Sherwin-Williams,64.24,24,ESM-SHE-VER-48,Madeira e Metal
Esmalte Sintetico Eucatex Branco Acetinado 3.6L,"Esmalte sintetico de alta durabilidade para madeiras e metais. Cor Branco, acabamento acetinado.",Tintas,Esmalte Sintetico,Eucatex,279.17,39,ESM-EUC-BRA-49,Madeira e Metal
Esmalte Sintetico Eucatex Branco Acetinado 900ml,"Esmalte sintetico de alta durabilidade para madeiras e metais. Cor Branco, acabamento acetinado.",Tintas,Esmalte Sintetico,Eucatex,62.32,80,ESM-EUC-BRA-50,Madeira e Metal
Esmalte Sintetico Suvinil Branco Acetinado 900ml,"Esmalte sintetico de alta durabilidade para madeiras e metais. Cor Branco, acabamento acetinado.",Tintas,Esmalte Sintetico,Suvinil,72.29,75,ESM-SUV-BRA-51,Madeira e Metal
Esmalte Sintetico Eucatex Vermelho Acetinado 900ml,"Esmalte sintetico de alta durabilidade para madeiras e metais. Cor Vermelho, acabamento acetinado.",Tintas,Esmalte Sintetico,Eucatex,59.44,61,ESM-EUC-VER-52,Madeira e Metal
Esmalte Sintetico Sherwin-Williams Preto Brilhante 3.6L,"Esmalte sintetico de alta durabilidade para madeiras e metais. Cor Preto, acabamento brilhante.",Tintas,Esmalte Sintetico,Sherwin-Williams,234.31,60,ESM-SHE-PRE-53,Madeira e Metal
Esmalte Sintetico Coral Marrom Acetinado 3.6L,"Esmalte sintetico de alta durabilidade para madeiras e metais. Cor Marrom, acabamento acetinado.",Tintas,Esmalte Sintetico,Coral,248.91,50,ESM-COR-MAR-54,Madeira e Metal
Esmalte Sintetico Suvinil Preto Acetinado 3.6L,"Esmalte sintetico de alta durabilidade para madeiras e metais. Cor Preto, acabamento acetinado.",Tintas,Esmalte Sintetico,Suvinil,198.18,49,ESM-SUV-PRE-55,Madeira e Metal
Esmalte Sintetico Eucatex Amarelo Brilhante 900ml,"Esmalte sintetico de alta durabilidade para madeiras e metais. Cor Amarelo, acabamento brilhante.",Tintas,Esmalte Sintetico,Eucatex,60.19,97,ESM-EUC-AMA-56,Madeira e Metal
Esmalte Sintetico Eucatex Amarelo Acetinado 900ml,"Esmalte sintetico de alta durabilidade para madeiras e metais. Cor Amarelo, acabamento acetinado.",Tintas,Esmalte Sintetico,Eucatex,67.9,48,ESM-EUC-AMA-57,Madeira e Metal
Esmalte Sintetico Eucatex Branco Brilhante 3.6L,"Esmalte sintetico de alta durabilidade para madeiras e metais. Cor Branco, acabamento brilhante.",Tintas,Esmalte Sintetico,Eucatex,193.91,37,ESM-EUC-BRA-58,Madeira e Metal
Esmalte Sintetico Coral Cinza Brilhante 3.6L,"Esmalte sintetico de alta durabilidade para madeiras e metais. Cor Cinza, acabamento brilhante.",Tintas,Esmalte Sintetico,Coral,295.38,84,ESM-COR-CIN-59,Madeira e Metal
Esmalte Sintetico Coral Vermelho Brilhante 3.6L,"Esmalte sintetico de alta durabilidade para madeiras e metais. Cor Vermelho, acabamento brilhante.",Tintas,Esmalte Sintetico,Coral,203.85,20,ESM-COR-VER-60,Madeira e Metal
Esmalte Sintetico Sherwin-Williams Amarelo Brilhante 900ml,"Esmalte sintetico de alta durabilidade para madeiras e metais. Cor Amarelo, acabamento brilhante.",Tintas,Esmalte Sintetico,Sherwin-Williams,66.86,25,ESM-SHE-AMA-61,Madeira e Metal
Esmalte Sintetico Lukscolor Branco Brilhante 900ml,"Esmalte sintetico de alta durabilidade para madeiras e metais. Cor Branco, acabamento brilhante.",Tintas,Esmalte Sintetico,Lukscolor,83.78,67,ESM-LUK-BRA-62,Madeira e Metal
Esmalte Sintetico Sherwin-Williams Cinza Brilhante 3.6L,"Esmalte sintetico de alta durabilidade para madeiras e metais. Cor Cinza, acabamento brilhante.",Tintas,Esmalte Sintetico,Sherwin-Williams,282.53,80,ESM-SHE-CIN-63,Madeira e Metal
Esmalte Sintetico Coral Verde Brilhante 3.6L,"Esmalte sintetico de alta durabilidade para madeiras e metais. Cor Verde, acabamento brilhante.",Tintas,Esmalte Sintetico,Coral,266.91,23,ESM-COR-VER-64,Madeira e Metal
Esmalte Sintetico Coral Verde Brilhante 900ml,"Esmalte sintetico de alta durabilidade para madeiras e metais. Cor Verde, acabamento brilhante.",Tintas,Esmalte Sintetico,Coral,63.63,45,ESM-COR-VER-65,Madeira e Metal
Esmalte Sintetico Sherwin-Williams Branco Brilhante 900ml,"Esmalte sintetico de alta durabilidade para madeiras e metais. Cor Branco, acabamento brilhante.",Tintas,Esmalte Sintetico,Sherwin-Williams,75.4,61,ESM-SHE-BRA-66,Madeira e Metal
Esmalte Sintetico Sherwin-Williams Azul Brilhante 900ml,"Esmalte sintetico de alta durabilidade para madeiras e metais. Cor Azul, acabamento brilhante.",Tintas,Esmalte Sintetico,Sherwin-Williams,78.16,52,ESM-SHE-AZU-67,Madeira e Metal
Esmalte Sintetico Suvinil Marrom Acetinado 3.6L,"Esmalte sintetico de alta durabilidade para madeiras e metais. Cor Marrom, acabamento acetinado.",Tintas,Esmalte Sintetico,Suvinil,256.42,46,ESM-SUV-MAR-68,Madeira e Metal
Esmalte Sintetico Lukscolor Branco Brilhante 3.6L,"Esmalte sintetico de alta durabilidade para madeiras e metais. Cor Branco, acabamento brilhante.",Tintas,Esmalte Sintetico,Lukscolor,243.77,34,ESM-LUK-BRA-69,Madeira e Metal
Esmalte Sintetico Coral Verde Acetinado 3.6L,"Esmalte sintetico de alta durabilidade para madeiras e metais. Cor Verde, acabamento acetinado.",Tintas,Esmalte Sintetico,Coral,257.73,63,ESM-COR-VER-70,Madeira e Metal
Esmalte Sintetico Lukscolor Marrom Brilhante 900ml,"Esmalte sintetico de alta durabilidade para madeiras e metais. Cor Marrom, acabamento brilhante.",Tintas,Esmalte Sintetico,Lukscolor,76.94,48,ESM-LUK-MAR-71,Madeira e Metal
Esmalte Sintetico Lukscolor Preto Brilhante 900ml,"Esmalte sintetico de alta durabilidade para madeiras e metais. Cor Preto, acabamento brilhante.",Tintas,Esmalte Sintetico,Lukscolor,72.23,97,ESM-LUK-PRE-72,Madeira e Metal
Esmalte Sintetico Suvinil Branco Brilhante 900ml,"Esmalte sintetico de alta durabilidade para madeiras e metais. Cor Branco, acabamento brilhante.",Tintas,Esmalte Sintetico,Suvinil,62.44,97,ESM-SUV-BRA-73,Madeira e Metal
Esmalte Sintetico Coral Azul Brilhante 900ml,"Esmalte sintetico de alta durabilidade para madeiras e metais. Cor Azul, acabamento brilhante.",Tintas,Esmalte Sintetico,Coral,73.79,83,ESM-COR-AZU-74,Madeira e Metal
Esmalte Sintetico Suvinil Amarelo Acetinado 900ml,"Esmalte sintetico de alta durabilidade para madeiras e metais. Cor Amarelo, acabamento acetinado.",Tintas,Esmalte Sintetico,Suvinil,64.41,65,ESM-SUV-AMA-75,Madeira e Metal
Esmalte Sintetico Sherwin-Williams Verde Acetinado 3.6L,"Esmalte sintetico de alta durabilidade para madeiras e metais. Cor Verde, acabamento acetinado.",Tintas,Esmalte Sintetico,Sherwin-Williams,264.37,22,ESM-SHE-VER-76,Madeira e Metal
Esmalte Sintetico Eucatex Marrom Acetinado 3.6L,"Esmalte sintetico de alta durabilidade para madeiras e metais. Cor Marrom, acabamento acetinado.",Tintas,Esmalte Sintetico,Eucatex,251.41,21,ESM-EUC-MAR-77,Madeira e Metal
Esmalte Sintetico Suvinil Verde Acetinado 3.6L,"Esmalte sintetico de alta durabilidade para madeiras e metais. Cor Verde, acabamento acetinado.",Tintas,Esmalte Sintetico,Suvinil,205.16,92,ESM-SUV-VER-78,Madeira e Metal
Esmalte Sintetico Suvinil Preto Acetinado 900ml,"Esmalte sintetico de alta durabilidade para madeiras e metais. Cor Preto, acabamento acetinado.",Tintas,Esmalte Sintetico,Suvinil,80.66,78,ESM-SUV-PRE-79,Madeira e Metal
Esmalte Sintetico Suvinil Verde Brilhante 900ml,"Esmalte sintetico de alta durabilidade para madeiras e metais. Cor Verde, acabamento brilhante.",Tintas,Esmalte Sintetico,Suvinil,84.68,39,ESM-SUV-VER-80,Madeira e Metal
Esmalte Sintetico Lukscolor Preto Acetinado 900ml,"Esmalte sintetico de alta durabilidade para madeiras e metais. Cor Preto, acabamento acetinado.",Tintas,Esmalte Sintetico,Lukscolor,77.94,32,ESM-LUK-PRE-81,Madeira e Metal
Esmalte Sintetico Eucatex Preto Acetinado 900ml,"Esmalte sintetico de alta durabilidade para madeiras e metais. Cor Preto, acabamento acetinado.",Tintas,Esmalte Sintetico,Eucatex,72.41,26,ESM-EUC-PRE-82,Madeira e Metal
Esmalte Sintetico Suvinil Marrom Brilhante 3.6L,"Esmalte sintetico de alta durabilidade para madeiras e metais. Cor Marrom, acabamento brilhante.",Tintas,Esmalte Sintetico,Suvinil,284.88,34,ESM-SUV-MAR-83,Madeira e Metal
Esmalte Sintetico Suvinil Verde Acetinado 900ml,"Esmalte sintetico de alta durabilidade para madeiras e metais. Cor Verde, acabamento acetinado.",Tintas,Esmalte Sintetico,Suvinil,64.47,26,ESM-SUV-VER-84,Madeira e Metal
Esmalte Sintetico Eucatex Azul Brilhante 900ml,"Esmalte sintetico de alta durabilidade para madeiras e metais. Cor Azul, acabamento brilhante.",Tintas,Esmalte Sintetico,Eucatex,55.79,95,ESM-EUC-AZU-85,Madeira e Metal
Esmalte Sintetico Lukscolor Cinza Acetinado 900ml,"Esmalte sintetico de alta durabilidade para madeiras e metais. Cor Cinza, acabamento acetinado.",Tintas,Esmalte Sintetico,Lukscolor,59.72,63,ESM-LUK-CIN-86,Madeira e Metal
Esmalte Sintetico Coral Amarelo Acetinado 3.6L,"Esmalte sintetico de alta durabilidade para madeiras e metais. Cor Amarelo, acabamento acetinado.",Tintas,Esmalte Sintetico,Coral,270.75,70,ESM-COR-AMA-87,Madeira e Metal
Esmalte Sintetico Eucatex Vermelho Acetinado 3.6L,"Esmalte sintetico de alta durabilidade para madeiras e metais. Cor Vermelho, acabamento acetinado.",Tintas,Esmalte Sintetico,Eucatex,270.54,79,ESM-EUC-VER-88,Madeira e Metal
Esmalte Sintetico Sherwin-Williams Azul Acetinado 900ml,"Esmalte sintetico de alta durabilidade para madeiras e metais. Cor Azul, acabamento acetinado.",Tintas,Esmalte Sintetico,Sherwin-Williams,74.26,28,ESM-SHE-AZU-89,Madeira e Metal
Esmalte Sintetico Coral Amarelo Brilhante 900ml,"Esmalte sintetico de alta durabilidade para madeiras e metais. Cor Amarelo, acabamento brilhante.",Tintas,Esmalte Sintetico,Coral,82.13,49,ESM-COR-AMA-90,Madeira e Metal
Esmalte Sintetico Eucatex Marrom Acetinado 900ml,"Esmalte sintetico de alta durabilidade para madeiras e metais. Cor Marrom, acabamento acetinado.",Tintas,Esmalte Sintetico,Eucatex,55.47,83,ESM-EUC-MAR-91,Madeira e Metal
Esmalte Sintetico Eucatex Branco Acetinado 900ml,"Esmalte sintetico de alta durabilidade para madeiras e metais. Cor Branco, acabamento acetinado.",Tintas,Esmalte Sintetico,Eucatex,72.21,30,ESM-EUC-BRA-92,Madeira e Metal
Esmalte Sintetico Coral Cinza Brilhante 3.6L,"Esmalte sintetico de alta durabilidade para madeiras e metais. Cor Cinza, acabamento brilhante.",Tintas,Esmalte Sintetico,Coral,257.3,60,ESM-COR-CIN-93,Madeira e Metal
Esmalte Sintetico Eucatex Amarelo Brilhante 900ml,"Esmalte sintetico de alta durabilidade para madeiras e metais. Cor Amarelo, acabamento brilhante.",Tintas,Esmalte Sintetico,Eucatex,71.01,68,ESM-EUC-AMA-94,Madeira e Metal
Esmalte Sintetico Suvinil Vermelho Acetinado 3.6L,"Esmalte sintetico de alta durabilidade para madeiras e metais. Cor Vermelho, acabamento acetinado.",Tintas,Esmalte Sintetico,Suvinil,283.3,64,ESM-SUV-VER-95,Madeira e Metal
Esmalte Sintetico Coral Verde Brilhante 3.6L,"Esmalte sintetico de alta durabilidade para madeiras e metais. Cor Verde, acabamento brilhante.",Tintas,Esmalte Sintetico,Coral,195.12,89,ESM-COR-VER-96,Madeira e Metal
Esmalte Sintetico Eucatex Branco Acetinado 3.6L,"Esmalte sintetico de alta durabilidade para madeiras e metais. Cor Branco, acabamento acetinado.",Tintas,Esmalte Sintetico,Eucatex,267.49,76,ESM-EUC-BRA-97,Madeira e Metal
Esmalte Sintetico Suvinil Azul Brilhante 3.6L,"Esmalte sintetico de alta durabilidade para madeiras e metais. Cor Azul, acabamento brilhante.",Tintas,Esmalte Sintetico,Suvinil,287.47,67,ESM-SUV-AZU-98,Madeira e Metal
Esmalte Sintetico Lukscolor Marrom Acetinado 3.6L,"Esmalte sintetico de alta durabilidade para madeiras e metais. Cor Marrom, acabamento acetinado.",Tintas,Esmalte Sintetico,Lukscolor,223.77,69,ESM-LUK-MAR-99,Madeira e Metal
Tinta para Piso Coral Vermelho 18L,Tinta especial para pisos de alta resistencia ao trafego. Cor Vermelho. Para garagens e calcadas.,Tintas,Tinta para Piso,Coral,344.08,58,PISO-COR-VER-0,Pisos
Tinta para Piso Lukscolor Azul 3.6L,Tinta especial para pisos de alta resistencia ao trafego. Cor Azul. Para garagens e calcadas.,Tintas,Tinta para Piso,Lukscolor,92.59,38,PISO-LUK-AZU-1,Pisos
Tinta para Piso Suvinil Verde 18L,Tinta especial para pisos de alta resistencia ao trafego. Cor Verde. Para garagens e calcadas.,Tintas,Tinta para Piso,Suvinil,357.93,37,PISO-SUV-VER-2,Pisos
Tinta para Piso Suvinil Vermelho 18L,Tinta especial para pisos de alta resistencia ao trafego. Cor Vermelho. Para garagens e calcadas.,Tintas,Tinta para Piso,Suvinil,346.26,46,PISO-SUV-VER-3,Pisos
Tinta para Piso Suvinil Cinza 3.6L,Tinta especial para pisos de alta resistencia ao trafego. Cor Cinza. Para garagens e calcadas.,Tintas,Tinta para Piso,Suvinil,72.24,58,PISO-SUV-CIN-4,Pisos
Tinta para Piso Coral Vermelho 18L,Tinta especial para pisos de alta resistencia ao trafego. Cor Vermelho. Para garagens e calcadas.,Tintas,Tinta para Piso,Coral,377.29,53,PISO-COR-VER-5,Pisos
Tinta para Piso Sherwin-Williams Cinza 18L,Tinta especial para pisos de alta resistencia ao trafego. Cor Cinza. Para garagens e calcadas.,Tintas,Tinta para Piso,Sherwin-Williams,418.71,51,PISO-SHE-CIN-6,Pisos
Tinta para Piso Sherwin-Williams Amarelo 3.6L,Tinta especial para pisos de alta resistencia ao trafego. Cor Amarelo. Para garagens e calcadas.,Tintas,Tinta para Piso,Sherwin-Williams,72.3,16,PISO-SHE-AMA-7,Pisos
Tinta para Piso Suvinil Verde 18L,Tinta especial para pisos de alta resistencia ao trafego. Cor Verde. Para garagens e calcadas.,Tintas,Tinta para Piso,Suvinil,302.98,56,PISO-SUV-VER-8,Pisos
Tinta para Piso Lukscolor Cinza 18L,Tinta especial para pisos de alta resistencia ao trafego. Cor Cinza. Para garagens e calcadas.,Tintas,Tinta para Piso,Lukscolor,314.02,16,PISO-LUK-CIN-9,Pisos
Tinta para Piso Coral Vermelho 18L,Tinta especial para pisos de alta resistencia ao trafego. Cor Vermelho. Para garagens e calcadas.,Tintas,Tinta para Piso,Coral,325.22,25,PISO-COR-VER-10,Pisos
Tinta para Piso Coral Vermelho 3.6L,Tinta especial para pisos de alta resistencia ao trafego. Cor Vermelho. Para garagens e calcadas.,Tintas,Tinta para Piso,Coral,80.01,58,PISO-COR-VER-11,Pisos
Tinta para Piso Lukscolor Vermelho 18L,Tinta especial para pisos de alta resistencia ao trafego. Cor Vermelho. Para garagens e calcadas.,Tintas,Tinta para Piso,Lukscolor,326.56,59,PISO-LUK-VER-12,Pisos
Tinta para Piso Lukscolor Vermelho 18L,Tinta especial para pisos de alta resistencia ao trafego. Cor Vermelho. Para garagens e calcadas.,Tintas,Tinta para Piso,Lukscolor,400.39,32,PISO-LUK-VER-13,Pisos
Tinta para Piso Coral Vermelho 18L,Tinta especial para pisos de alta resistencia ao trafego. Cor Vermelho. Para garagens e calcadas.,Tintas,Tinta para Piso,Coral,321.78,35,PISO-COR-VER-14,Pisos
Tinta para Piso Suvinil Azul 18L,Tinta especial para pisos de alta resistencia ao trafego. Cor Azul. Para garagens e calcadas.,Tintas,Tinta para Piso,Suvinil,404.53,31,PISO-SUV-AZU-15,Pisos
Tinta para Piso Sherwin-Williams Amarelo 3.6L,Tinta especial para pisos de alta resistencia ao trafego. Cor Amarelo. Para garagens e calcadas.,Tintas,Tinta para Piso,Sherwin-Williams,80.39,49,PISO-SHE-AMA-16,Pisos
Tinta para Piso Lukscolor Verde 18L,Tinta especial para pisos de alta resistencia ao trafego. Cor Verde. Para garagens e calcadas.,Tintas,Tinta para Piso,Lukscolor,365.96,25,PISO-LUK-VER-17,Pisos
Tinta para Piso Sherwin-Williams Azul 3.6L,Tinta especial para pisos de alta resistencia ao trafego. Cor Azul. Para garagens e calcadas.,Tintas,Tinta para Piso,Sherwin-Williams,82.25,22,PISO-SHE-AZU-18,Pisos
Tinta para Piso Coral Vermelho 3.6L,Tinta especial para pisos de alta resistencia ao trafego. Cor Vermelho. Para garagens e calcadas.,Tintas,Tinta para Piso,Coral,76.35,43,PISO-COR-VER-19,Pisos
Tinta para Piso Coral Verde 18L,Tinta especial para pisos de alta resistencia ao trafego. Cor Verde. Para garagens e calcadas.,Tintas,Tinta para Piso,Coral,383.05,35,PISO-COR-VER-20,Pisos
Tinta para Piso Lukscolor Vermelho 3.6L,Tinta especial para pisos de alta resistencia ao trafego. Cor Vermelho. Para garagens e calcadas.,Tintas,Tinta para Piso,Lukscolor,75.64,29,PISO-LUK-VER-21,Pisos
Tinta para Piso Suvinil Amarelo 3.6L,Tinta especial para pisos de alta resistencia ao trafego. Cor Amarelo. Para garagens e calcadas.,Tintas,Tinta para Piso,Suvinil,83.77,16,PISO-SUV-AMA-22,Pisos
Tinta para Piso Sherwin-Williams Concreto 18L,Tinta especial para pisos de alta resistencia ao trafego. Cor Concreto. Para garagens e calcadas.,Tintas,Tinta para Piso,Sherwin-Williams,369.95,59,PISO-SHE-CON-23,Pisos
Tinta para Piso Lukscolor Vermelho 18L,Tinta especial para pisos de alta resistencia ao trafego. Cor Vermelho. Para garagens e calcadas.,Tintas,Tinta para Piso,Lukscolor,308.31,24,PISO-LUK-VER-24,Pisos
Tinta para Piso Lukscolor Vermelho 3.6L,Tinta especial para pisos de alta resistencia ao trafego. Cor Vermelho. Para garagens e calcadas.,Tintas,Tinta para Piso,Lukscolor,87.95,28,PISO-LUK-VER-25,Pisos
Tinta para Piso Sherwin-Williams Vermelho 3.6L,Tinta especial para pisos de alta resistencia ao trafego. Cor Vermelho. Para garagens e calcadas.,Tintas,Tinta para Piso,Sherwin-Williams,71.75,20,PISO-SHE-VER-26,Pisos
Tinta para Piso Lukscolor Vermelho 18L,Tinta especial para pisos de alta resistencia ao trafego. Cor Vermelho. Para garagens e calcadas.,Tintas,Tinta para Piso,Lukscolor,313.82,46,PISO-LUK-VER-27,Pisos
Tinta para Piso Lukscolor Cinza 18L,Tinta especial para pisos de alta resistencia ao trafego. Cor Cinza. Para garagens e calcadas.,Tintas,Tinta para Piso,Lukscolor,306.74,18,PISO-LUK-CIN-28,Pisos
Tinta para Piso Suvinil Concreto 3.6L,Tinta especial para pisos de alta resistencia ao trafego. Cor Concreto. Para garagens e calcadas.,Tintas,Tinta para Piso,Suvinil,73.43,56,PISO-SUV-CON-29,Pisos
Tinta para Piso Suvinil Verde 18L,Tinta especial para pisos de alta resistencia ao trafego. Cor Verde. Para garagens e calcadas.,Tintas,Tinta para Piso,Suvinil,299.59,28,PISO-SUV-VER-30,Pisos
Tinta para Piso Suvinil Vermelho 3.6L,Tinta especial para pisos de alta resistencia ao trafego. Cor Vermelho. Para garagens e calcadas.,Tintas,Tinta para Piso,Suvinil,87.66,59,PISO-SUV-VER-31,Pisos
Tinta para Piso Coral Vermelho 18L,Tinta especial para pisos de alta resistencia ao trafego. Cor Vermelho. Para garagens e calcadas.,Tintas,Tinta para Piso,Coral,402.17,55,PISO-COR-VER-32,Pisos
Tinta para Piso Coral Amarelo 3.6L,Tinta especial para pisos de alta resistencia ao trafego. Cor Amarelo. Para garagens e calcadas.,Tintas,Tinta para Piso,Coral,70.82,45,PISO-COR-AMA-33,Pisos
Tinta para Piso Sherwin-Williams Concreto 3.6L,Tinta especial para pisos de alta resistencia ao trafego. Cor Concreto. Para garagens e calcadas.,Tintas,Tinta para Piso,Sherwin-Williams,89.51,21,PISO-SHE-CON-34,Pisos
Tinta para Piso Coral Concreto 18L,Tinta especial para pisos de alta resistencia ao trafego. Cor Concreto. Para garagens e calcadas.,Tintas,Tinta para Piso,Coral,304.87,30,PISO-COR-CON-35,Pisos
Tinta para Piso Suvinil Amarelo 3.6L,Tinta especial para pisos de alta resistencia ao trafego. Cor Amarelo. Para garagens e calcadas.,Tintas,Tinta para Piso,Suvinil,87.72,49,PISO-SUV-AMA-36,Pisos
Tinta para Piso Sherwin-Williams Azul 3.6L,Tinta especial para pisos de alta resistencia ao trafego. Cor Azul. Para garagens e calcadas.,Tintas,Tinta para Piso,Sherwin-Williams,66.95,15,PISO-SHE-AZU-37,Pisos
Tinta para Piso Lukscolor Concreto 18L,Tinta especial para pisos de alta resistencia ao trafego. Cor Concreto. Para garagens e calcadas.,Tintas,Tinta para Piso,Lukscolor,380.73,48,PISO-LUK-CON-38,Pisos
Tinta para Piso Sherwin-Williams Concreto 3.6L,Tinta especial para pisos de alta resistencia ao trafego. Cor Concreto. Para garagens e calcadas.,Tintas,Tinta para Piso,Sherwin-Williams,65.14,41,PISO-SHE-CON-39,Pisos
Tinta para Piso Coral Cinza 18L,Tinta especial para pisos de alta resistencia ao trafego. Cor Cinza. Para garagens e calcadas.,Tintas,Tinta para Piso,Coral,362.5,51,PISO-COR-CIN-40,Pisos
Tinta para Piso Lukscolor Verde 18L,Tinta especial para pisos de alta resistencia ao trafego. Cor Verde. Para garagens e calcadas.,Tintas,Tinta para Piso,Lukscolor,404.94,58,PISO-LUK-VER-41,Pisos
Tinta para Piso Coral Concreto 18L,Tinta especial para pisos de alta resistencia ao trafego. Cor Concreto. Para garagens e calcadas.,Tintas,Tinta para Piso,Coral,352.85,21,PISO-COR-CON-42,Pisos
Tinta para Piso Lukscolor Amarelo 3.6L,Tinta especial para pisos de alta resistencia ao trafego. Cor Amarelo. Para garagens e calcadas.,Tintas,Tinta para Piso,Lukscolor,83.34,45,PISO-LUK-AMA-43,Pisos
Tinta para Piso Suvinil Concreto 3.6L,Tinta especial para pisos de alta resistencia ao trafego. Cor Concreto. Para garagens e calcadas.,Tintas,Tinta para Piso,Suvinil,80.88,21,PISO-SUV-CON-44,Pisos
Tinta para Piso Coral Cinza 3.6L,Tinta especial para pisos de alta resistencia ao trafego. Cor Cinza. Para garagens e calcadas.,Tintas,Tinta para Piso,Coral,87.57,48,PISO-COR-CIN-45,Pisos
Tinta para Piso Sherwin-Williams Cinza 18L,Tinta especial para pisos de alta resistencia ao trafego. Cor Cinza. Para garagens e calcadas.,Tintas,Tinta para Piso,Sherwin-Williams,409.4,57,PISO-SHE-CIN-46,Pisos
Tinta para Piso Sherwin-Williams Amarelo 18L,Tinta especial para pisos de alta resistencia ao trafego. Cor Amarelo. Para garagens e calcadas.,Tintas,Tinta para Piso,Sherwin-Williams,397.32,44,PISO-SHE-AMA-47,Pisos
Tinta para Piso Sherwin-Williams Amarelo 18L,Tinta especial para pisos de alta resistencia ao trafego. Cor Amarelo. Para garagens e calcadas.,Tintas,Tinta para Piso,Sherwin-Williams,362.07,34,PISO-SHE-AMA-48,Pisos
Tinta para Piso Coral Concreto 18L,Tinta especial para pisos de alta resistencia ao trafego. Cor Concreto. Para garagens e calcadas.,Tintas,Tinta para Piso,Coral,312.7,31,PISO-COR-CON-49,Pisos
Tinta Spray Chemicolor Dourado Fosco 400ml,"Tinta spray de secagem rapida. Cor Dourado, acabamento fosco. Ideal para artesanato e retoques.",Tintas,Spray,Chemicolor,31.45,72,SPR-CHE-DOU-0,Uso Geral
Tinta Spray Lukscolor Amarelo Metalico 400ml,"Tinta spray de secagem rapida. Cor Amarelo, acabamento metalico. Ideal para artesanato e retoques.",Tintas,Spray,Lukscolor,23.07,95,SPR-LUK-AMA-1,Uso Geral
Tinta Spray Lukscolor Dourado Metalico 400ml,"Tinta spray de secagem rapida. Cor Dourado, acabamento metalico. Ideal para artesanato e retoques.",Tintas,Spray,Lukscolor,27.98,103,SPR-LUK-DOU-2,Uso Geral
Tinta Spray Chemicolor Verde Brilhante 400ml,"Tinta spray de secagem rapida. Cor Verde, acabamento brilhante. Ideal para artesanato e retoques.",Tintas,Spray,Chemicolor,30.58,96,SPR-CHE-VER-3,Uso Geral
Tinta Spray Colorgin Azul Metalico 400ml,"Tinta spray de secagem rapida. Cor Azul, acabamento metalico. Ideal para artesanato e retoques.",Tintas,Spray,Colorgin,26.52,31,SPR-COL-AZU-4,Uso Geral
Tinta Spray Lukscolor Verde Brilhante 400ml,"Tinta spray de secagem rapida. Cor Verde, acabamento brilhante. Ideal para artesanato e retoques.",Tintas,Spray,Lukscolor,29.33,36,SPR-LUK-VER-5,Uso Geral
Tinta Spray Lukscolor Azul Brilhante 400ml,"Tinta spray de secagem rapida. Cor Azul, acabamento brilhante. Ideal para artesanato e retoques.",Tintas,Spray,Lukscolor,28.86,79,SPR-LUK-AZU-6,Uso Geral
Tinta Spray Lukscolor Prata Metalico 400ml,"Tinta spray de secagem rapida. Cor Prata, acabamento metalico. Ideal para artesanato e retoques.",Tintas,Spray,Lukscolor,24.67,102,SPR-LUK-PRA-7,Uso Geral
Tinta Spray Colorgin Azul Brilhante 400ml,"Tinta spray de secagem rapida. Cor Azul, acabamento brilhante. Ideal para artesanato e retoques.",Tintas,Spray,Colorgin,25.08,77,SPR-COL-AZU-8,Uso Geral
Tinta Spray Tekbond Rosa Metalico 400ml,"Tinta spray de secagem rapida. Cor Rosa, acabamento metalico. Ideal para artesanato e retoques.",Tintas,Spray,Tekbond,24.96,66,SPR-TEK-ROS-9,Uso Geral
Tinta Spray Tekbond Verde Fosco 400ml,"Tinta spray de secagem rapida. Cor Verde, acabamento fosco. Ideal para artesanato e retoques.",Tintas,Spray,Tekbond,21.81,138,SPR-TEK-VER-10,Uso Geral
Tinta Spray Tekbond Verde Metalico 400ml,"Tinta spray de secagem rapida. Cor Verde, acabamento metalico. Ideal para artesanato e retoques.",Tintas,Spray,Tekbond,22.04,40,SPR-TEK-VER-11,Uso Geral
Tinta Spray Tekbond Preto Fosco 400ml,"Tinta spray de secagem rapida. Cor Preto, acabamento fosco. Ideal para artesanato e retoques.",Tintas,Spray,Tekbond,26.39,123,SPR-TEK-PRE-12,Uso Geral
Tinta Spray Tekbond Preto Fosco 400ml,"Tinta spray de secagem rapida. Cor Preto, acabamento fosco. Ideal para artesanato e retoques.",Tintas,Spray,Tekbond,33.47,113,SPR-TEK-PRE-13,Uso Geral
Tinta Spray Lukscolor Verde Fosco 400ml,"Tinta spray de secagem rapida. Cor Verde, acabamento fosco. Ideal para artesanato e retoques.",Tintas,Spray,Lukscolor,27.71,31,SPR-LUK-VER-14,Uso Geral
Tinta Spray Colorgin Prata Metalico 400ml,"Tinta spray de secagem rapida. Cor Prata, acabamento metalico. Ideal para artesanato e retoques.",Tintas,Spray,Colorgin,27.62,80,SPR-COL-PRA-15,Uso Geral
Tinta Spray Chemicolor Prata Fosco 400ml,"Tinta spray de secagem rapida. Cor Prata, acabamento fosco. Ideal para artesanato e retoques.",Tintas,Spray,Chemicolor,25.42,116,SPR-CHE-PRA-16,Uso Geral
Tinta Spray Colorgin Dourado Metalico 400ml,"Tinta spray de secagem rapida. Cor Dourado, acabamento metalico. Ideal para artesanato e retoques.",Tintas,Spray,Colorgin,28.77,43,SPR-COL-DOU-17,Uso Geral
Tinta Spray Chemicolor Rosa Brilhante 400ml,"Tinta spray de secagem rapida. Cor Rosa, acabamento brilhante. Ideal para artesanato e retoques.",Tintas,Spray,Chemicolor,20.27,150,SPR-CHE-ROS-18,Uso Geral
Tinta Spray Lukscolor Branco Fosco 400ml,"Tinta spray de secagem rapida. Cor Branco, acabamento fosco. Ideal para artesanato e retoques.",Tintas,Spray,Lukscolor,25.21,108,SPR-LUK-BRA-19,Uso Geral
Tinta Spray Chemicolor Rosa Brilhante 400ml,"Tinta spray de secagem rapida. Cor Rosa, acabamento brilhante. Ideal para artesanato e retoques.",Tintas,Spray,Chemicolor,23.41,129,SPR-CHE-ROS-20,Uso Geral
Tinta Spray Lukscolor Azul Fosco 400ml,"Tinta spray de secagem rapida. Cor Azul, acabamento fosco. Ideal para artesanato e retoques.",Tintas,Spray,Lukscolor,32.5,31,SPR-LUK-AZU-21,Uso Geral
Tinta Spray Tekbond Rosa Brilhante 400ml,"Tinta spray de secagem rapida. Cor Rosa, acabamento brilhante. Ideal para artesanato e retoques.",Tintas,Spray,Tekbond,32.47,118,SPR-TEK-ROS-22,Uso Geral
Tinta Spray Lukscolor Rosa Brilhante 400ml,"Tinta spray de secagem rapida. Cor Rosa, acabamento brilhante. Ideal para artesanato e retoques.",Tintas,Spray,Lukscolor,30.09,84,SPR-LUK-ROS-23,Uso Geral
Tinta Spray Chemicolor Vermelho Metalico 400ml,"Tinta spray de secagem rapida. Cor Vermelho, acabamento metalico. Ideal para artesanato e retoques.",Tintas,Spray,Chemicolor,23.81,127,SPR-CHE-VER-24,Uso Geral
Tinta Spray Lukscolor Laranja Brilhante 400ml,"Tinta spray de secagem rapida. Cor Laranja, acabamento brilhante. Ideal para artesanato e retoques.",Tintas,Spray,Lukscolor,18.05,138,SPR-LUK-LAR-25,Uso Geral
Tinta Spray Chemicolor Branco Brilhante 400ml,"Tinta spray de secagem rapida. Cor Branco, acabamento brilhante. Ideal para artesanato e retoques.",Tintas,Spray,Chemicolor,33.62,109,SPR-CHE-BRA-26,Uso Geral
Tinta Spray Tekbond Azul Metalico 400ml,"Tinta spray de secagem rapida. Cor Azul, acabamento metalico. Ideal para artesanato e retoques.",Tintas,Spray,Tekbond,32.62,143,SPR-TEK-AZU-27,Uso Geral
Tinta Spray Colorgin Azul Metalico 400ml,"Tinta spray de secagem rapida. Cor Azul, acabamento metalico. Ideal para artesanato e retoques.",Tintas,Spray,Colorgin,25.71,118,SPR-COL-AZU-28,Uso Geral
Tinta Spray Tekbond Amarelo Metalico 400ml,"Tinta spray de secagem rapida. Cor Amarelo, acabamento metalico. Ideal para artesanato e retoques.",Tintas,Spray,Tekbond,34.11,62,SPR-TEK-AMA-29,Uso Geral
Tinta Spray Chemicolor Azul Metalico 400ml,"Tinta spray de secagem rapida. Cor Azul, acabamento metalico. Ideal para artesanato e retoques.",Tintas,Spray,Chemicolor,23.79,42,SPR-CHE-AZU-30,Uso Geral
Tinta Spray Tekbond Preto Brilhante 400ml,"Tinta spray de secagem rapida. Cor Preto, acabamento brilhante. Ideal para artesanato e retoques.",Tintas,Spray,Tekbond,18.01,147,SPR-TEK-PRE-31,Uso Geral
Tinta Spray Tekbond Rosa Metalico 400ml,"Tinta spray de secagem rapida. Cor Rosa, acabamento metalico. Ideal para artesanato e retoques.",Tintas,Spray,Tekbond,26.11,57,SPR-TEK-ROS-32,Uso Geral
Tinta Spray Colorgin Preto Fosco 400ml,"Tinta spray de secagem rapida. Cor Preto, acabamento fosco. Ideal para artesanato e retoques.",Tintas,Spray,Colorgin,21.29,48,SPR-COL-PRE-33,Uso Geral
Tinta Spray Colorgin Preto Metalico 400ml,"Tinta spray de secagem rapida. Cor Preto, acabamento metalico. Ideal para artesanato e retoques.",Tintas,Spray,Colorgin,18.94,141,SPR-COL-PRE-34,Uso Geral
Tinta Spray Lukscolor Verde Brilhante 400ml,"Tinta spray de secagem rapida. Cor Verde, acabamento brilhante. Ideal para artesanato e retoques.",Tintas,Spray,Lukscolor,19.74,110,SPR-LUK-VER-35,Uso Geral
Tinta Spray Chemicolor Prata Fosco 400ml,"Tinta spray de secagem rapida. Cor Prata, acabamento fosco. Ideal para artesanato e retoques.",Tintas,Spray,Chemicolor,18.56,79,SPR-CHE-PRA-36,Uso Geral
Tinta Spray Tekbond Rosa Fosco 400ml,"Tinta spray de secagem rapida. Cor Rosa, acabamento fosco. Ideal para artesanato e retoques.",Tintas,Spray,Tekbond,18.13,133,SPR-TEK-ROS-37,Uso Geral
Tinta Spray Colorgin Vermelho Brilhante 400ml,"Tinta spray de secagem rapida. Cor Vermelho, acabamento brilhante. Ideal para artesanato e retoques.",Tintas,Spray,Colorgin,30.92,133,SPR-COL-VER-38,Uso Geral
Tinta Spray Colorgin Azul Brilhante 400ml,"Tinta spray de secagem rapida. Cor Azul, acabamento brilhante. Ideal para artesanato e retoques.",Tintas,Spray,Colorgin,18.82,138,SPR-COL-AZU-39,Uso Geral
Tinta Spray Tekbond Verde Fosco 400ml,"Tinta spray de secagem rapida. Cor Verde, acabamento fosco. Ideal para artesanato e retoques.",Tintas,Spray,Tekbond,24.99,124,SPR-TEK-VER-40,Uso Geral
Tinta Spray Chemicolor Branco Fosco 400ml,"Tinta spray de secagem rapida. Cor Branco, acabamento fosco. Ideal para artesanato e retoques.",Tintas,Spray,Chemicolor,31.11,127,SPR-CHE-BRA-41,Uso Geral
Tinta Spray Tekbond Preto Metalico 400ml,"Tinta spray de secagem rapida. Cor Preto, acabamento metalico. Ideal para artesanato e retoques.",Tintas,Spray,Tekbond,28.75,51,SPR-TEK-PRE-42,Uso Geral
Tinta Spray Chemicolor Azul Brilhante 400ml,"Tinta spray de secagem rapida. Cor Azul, acabamento brilhante. Ideal para artesanato e retoques.",Tintas,Spray,Chemicolor,18.29,123,SPR-CHE-AZU-43,Uso Geral
Tinta Spray Chemicolor Vermelho Metalico 400ml,"Tinta spray de secagem rapida. Cor Vermelho, acabamento metalico. Ideal para artesanato e retoques.",Tintas,Spray,Chemicolor,34.58,128,SPR-CHE-VER-44,Uso Geral
Tinta Spray Lukscolor Azul Brilhante 400ml,"Tinta spray de secagem rapida. Cor Azul, acabamento brilhante. Ideal para artesanato e retoques.",Tintas,Spray,Lukscolor,25.91,76,SPR-LUK-AZU-45,Uso Geral
Tinta Spray Colorgin Rosa Fosco 400ml,"Tinta spray de secagem rapida. Cor Rosa, acabamento fosco. Ideal para artesanato e retoques.",Tintas,Spray,Colorgin,27.65,148,SPR-COL-ROS-46,Uso Geral
Tinta Spray Tekbond Laranja Fosco 400ml,"Tinta spray de secagem rapida. Cor Laranja, acabamento fosco. Ideal para artesanato e retoques.",Tintas,Spray,Tekbond,33.09,111,SPR-TEK-LAR-47,Uso Geral
Tinta Spray Chemicolor Vermelho Fosco 400ml,"Tinta spray de secagem rapida. Cor Vermelho, acabamento fosco. Ideal para artesanato e retoques.",Tintas,Spray,Chemicolor,20.28,45,SPR-CHE-VER-48,Uso Geral
Tinta Spray Colorgin Preto Metalico 400ml,"Tinta spray de secagem rapida. Cor Preto, acabamento metalico. Ideal para artesanato e retoques.",Tintas,Spray,Colorgin,32.77,129,SPR-COL-PRE-49,Uso Geral
Tinta Spray Tekbond Verde Metalico 400ml,"Tinta spray de secagem rapida. Cor Verde, acabamento metalico. Ideal para artesanato e retoques.",Tintas,Spray,Tekbond,30.05,150,SPR-TEK-VER-50,Uso Geral
Tinta Spray Chemicolor Vermelho Brilhante 400ml,"Tinta spray de secagem rapida. Cor Vermelho, acabamento brilhante. Ideal para artesanato e retoques.",Tintas,Spray,Chemicolor,26.81,38,SPR-CHE-VER-51,Uso Geral
Tinta Spray Colorgin Branco Brilhante 400ml,"Tinta spray de secagem rapida. Cor Branco, acabamento brilhante. Ideal para artesanato e retoques.",Tintas,Spray,Colorgin,32.94,128,SPR-COL-BRA-52,Uso Geral
Tinta Spray Tekbond Branco Metalico 400ml,"Tinta spray de secagem rapida. Cor Branco, acabamento metalico. Ideal para artesanato e retoques.",Tintas,Spray,Tekbond,27.61,55,SPR-TEK-BRA-53,Uso Geral
Tinta Spray Lukscolor Verde Fosco 400ml,"Tinta spray de secagem rapida. Cor Verde, acabamento fosco. Ideal para artesanato e retoques.",Tintas,Spray,Lukscolor,22.13,128,SPR-LUK-VER-54,Uso Geral
Tinta Spray Colorgin Amarelo Brilhante 400ml,"Tinta spray de secagem rapida. Cor Amarelo, acabamento brilhante. Ideal para artesanato e retoques.",Tintas,Spray,Colorgin,33.85,30,SPR-COL-AMA-55,Uso Geral
Tinta Spray Tekbond Rosa Metalico 400ml,"Tinta spray de secagem rapida. Cor Rosa, acabamento metalico. Ideal para artesanato e retoques.",Tintas,Spray,Tekbond,26.9,81,SPR-TEK-ROS-56,Uso Geral
Tinta Spray Lukscolor Vermelho Brilhante 400ml,"Tinta spray de secagem rapida. Cor Vermelho, acabamento brilhante. Ideal para artesanato e retoques.",Tintas,Spray,Lukscolor,20.22,99,SPR-LUK-VER-57,Uso Geral
Tinta Spray Chemicolor Branco Fosco 400ml,"Tinta spray de secagem rapida. Cor Branco, acabamento fosco. Ideal para artesanato e retoques.",Tintas,Spray,Chemicolor,25.6,49,SPR-CHE-BRA-58,Uso Geral
Tinta Spray Lukscolor Prata Brilhante 400ml,"Tinta spray de secagem rapida. Cor Prata, acabamento brilhante. Ideal para artesanato e retoques.",Tintas,Spray,Lukscolor,34.94,118,SPR-LUK-PRA-59,Uso Geral
Tinta Spray Chemicolor Laranja Metalico 400ml,"Tinta spray de secagem rapida. Cor Laranja, acabamento metalico. Ideal para artesanato e retoques.",Tintas,Spray,Chemicolor,22.88,63,SPR-CHE-LAR-60,Uso Geral
Tinta Spray Lukscolor Vermelho Metalico 400ml,"Tinta spray de secagem rapida. Cor Vermelho, acabamento metalico. Ideal para artesanato e retoques.",Tintas,Spray,Lukscolor,27.79,95,SPR-LUK-VER-61,Uso Geral
Tinta Spray Chemicolor Prata Brilhante 400ml,"Tinta spray de secagem rapida. Cor Prata, acabamento brilhante. Ideal para artesanato e retoques.",Tintas,Spray,Chemicolor,27.09,98,SPR-CHE-PRA-62,Uso Geral
Tinta Spray Tekbond Vermelho Fosco 400ml,"Tinta spray de secagem rapida. Cor Vermelho, acabamento fosco. Ideal para artesanato e retoques.",Tintas,Spray,Tekbond,28.08,146,SPR-TEK-VER-63,Uso Geral
Tinta Spray Colorgin Azul Metalico 400ml,"Tinta spray de secagem rapida. Cor Azul, acabamento metalico. Ideal para artesanato e retoques.",Tintas,Spray,Colorgin,28.14,135,SPR-COL-AZU-64,Uso Geral
Tinta Spray Chemicolor Preto Brilhante 400ml,"Tinta spray de secagem rapida. Cor Preto, acabamento brilhante. Ideal para artesanato e retoques.",Tintas,Spray,Chemicolor,18.95,90,SPR-CHE-PRE-65,Uso Geral
Tinta Spray Colorgin Dourado Fosco 400ml,"Tinta spray de secagem rapida. Cor Dourado, acabamento fosco. Ideal para artesanato e retoques.",Tintas,Spray,Colorgin,32.99,107,SPR-COL-DOU-66,Uso Geral
Tinta Spray Chemicolor Rosa Brilhante 400ml,"Tinta spray de secagem rapida. Cor Rosa, acabamento brilhante. Ideal para artesanato e retoques.",Tintas,Spray,Chemicolor,18.42,125,SPR-CHE-ROS-67,Uso Geral
Tinta Spray Tekbond Laranja Metalico 400ml,"Tinta spray de secagem rapida. Cor Laranja, acabamento metalico. Ideal para artesanato e retoques.",Tintas,Spray,Tekbond,34.91,73,SPR-TEK-LAR-68,Uso Geral
Tinta Spray Colorgin Verde Brilhante 400ml,"Tinta spray de secagem rapida. Cor Verde, acabamento brilhante. Ideal para artesanato e retoques.",Tintas,Spray,Colorgin,31.38,108,SPR-COL-VER-69,Uso Geral
Tinta Spray Chemicolor Azul Brilhante 400ml,"Tinta spray de secagem rapida. Cor Azul, acabamento brilhante. Ideal para artesanato e retoques.",Tintas,Spray,Chemicolor,23.19,139,SPR-CHE-AZU-70,Uso Geral
Tinta Spray Tekbond Rosa Metalico 400ml,"Tinta spray de secagem rapida. Cor Rosa, acabamento metalico. Ideal para artesanato e retoques.",Tintas,Spray,Tekbond,28.78,93,SPR-TEK-ROS-71,Uso Geral
Tinta Spray Colorgin Prata Brilhante 400ml,"Tinta spray de secagem rapida. Cor Prata, acabamento brilhante. Ideal para artesanato e retoques.",Tintas,Spray,Colorgin,19.56,150,SPR-COL-PRA-72,Uso Geral
Tinta Spray Chemicolor Amarelo Metalico 400ml,"Tinta spray de secagem rapida. Cor Amarelo, acabamento metalico. Ideal para artesanato e retoques.",Tintas,Spray,Chemicolor,29.85,44,SPR-CHE-AMA-73,Uso Geral
Tinta Spray Chemicolor Prata Fosco 400ml,"Tinta spray de secagem rapida. Cor Prata, acabamento fosco. Ideal para artesanato e retoques.",Tintas,Spray,Chemicolor,20.42,144,SPR-CHE-PRA-74,Uso Geral
Tinta Spray Lukscolor Amarelo Brilhante 400ml,"Tinta spray de secagem rapida. Cor Amarelo, acabamento brilhante. Ideal para artesanato e retoques.",Tintas,Spray,Lukscolor,20.53,87,SPR-LUK-AMA-75,Uso Geral
Tinta Spray Colorgin Prata Fosco 400ml,"Tinta spray de secagem rapida. Cor Prata, acabamento fosco. Ideal para artesanato e retoques.",Tintas,Spray,Colorgin,30.38,116,SPR-COL-PRA-76,Uso Geral
Tinta Spray Lukscolor Amarelo Fosco 400ml,"Tinta spray de secagem rapida. Cor Amarelo, acabamento fosco. Ideal para artesanato e retoques.",Tintas,Spray,Lukscolor,22.07,93,SPR-LUK-AMA-77,Uso Geral
Tinta Spray Colorgin Laranja Fosco 400ml,"Tinta spray de secagem rapida. Cor Laranja, acabamento fosco. Ideal para artesanato e retoques.",Tintas,Spray,Colorgin,30.26,109,SPR-COL-LAR-78,Uso Geral
Tinta Spray Tekbond Vermelho Metalico 400ml,"Tinta spray de secagem rapida. Cor Vermelho, acabamento metalico. Ideal para artesanato e retoques.",Tintas,Spray,Tekbond,27.82,76,SPR-TEK-VER-79,Uso Geral
Verniz Acrilico Colorgin Imbuia Fosco 3.6L,"Verniz acrilico para protecao de madeiras. Tonalidade imbuia, acabamento fosco.",Vernizes,Acrilico,Colorgin,290.04,13,VER-COL-ACR-0,Madeira
Verniz Acrilico Montana Mogno Brilhante 900ml,"Verniz acrilico para protecao de madeiras. Tonalidade mogno, acabamento brilhante.",Vernizes,Acrilico,Montana,76.58,42,VER-MON-ACR-1,Madeira
Verniz Acrilico Sayerlack Cedro Fosco 900ml,"Verniz acrilico para protecao de madeiras. Tonalidade cedro, acabamento fosco.",Vernizes,Acrilico,Sayerlack,57.13,33,VER-SAY-ACR-2,Madeira
Verniz Maritimo Colorgin Cedro Brilhante 3.6L,"Verniz maritimo para protecao de madeiras. Tonalidade cedro, acabamento brilhante.",Vernizes,Maritimo,Colorgin,286.44,13,VER-COL-MAR-3,Madeira
Verniz Maritimo Sayerlack Imbuia Brilhante 3.6L,"Verniz maritimo para protecao de madeiras. Tonalidade imbuia, acabamento brilhante.",Vernizes,Maritimo,Sayerlack,207.39,16,VER-SAY-MAR-4,Madeira
Verniz Copal Sparlack Mogno Fosco 900ml,"Verniz copal para protecao de madeiras. Tonalidade mogno, acabamento fosco.",Vernizes,Copal,Sparlack,63.66,23,VER-SPA-COP-5,Madeira
Verniz Poliuretano Sayerlack Imbuia Fosco 3.6L,"Verniz poliuretano para protecao de madeiras. Tonalidade imbuia, acabamento fosco.",Vernizes,Poliuretano,Sayerlack,290.85,24,VER-SAY-POL-6,Madeira
Verniz Copal Colorgin Imbuia Fosco 3.6L,"Verniz copal para protecao de madeiras. Tonalidade imbuia, acabamento fosco.",Vernizes,Copal,Colorgin,241.55,22,VER-COL-COP-7,Madeira
Verniz Poliuretano Sparlack Ipe Brilhante 3.6L,"Verniz poliuretano para protecao de madeiras. Tonalidade ipe, acabamento brilhante.",Vernizes,Poliuretano,Sparlack,232.19,35,VER-SPA-POL-8,Madeira
Verniz Copal Sayerlack Cedro Fosco 900ml,"Verniz copal para protecao de madeiras. Tonalidade cedro, acabamento fosco.",Vernizes,Copal,Sayerlack,54.69,11,VER-SAY-COP-9,Madeira
Verniz Acrilico Sparlack Cedro Brilhante 900ml,"Verniz acrilico para protecao de madeiras. Tonalidade cedro, acabamento brilhante.",Vernizes,Acrilico,Sparlack,48.11,47,VER-SPA-ACR-10,Madeira
Verniz Acrilico Sayerlack Cedro Brilhante 3.6L,"Verniz acrilico para protecao de madeiras. Tonalidade cedro, acabamento brilhante.",Vernizes,Acrilico,Sayerlack,175.22,32,VER-SAY-ACR-11,Madeira
Verniz Maritimo Montana Natural Fosco 900ml,"Verniz maritimo para protecao de madeiras. Tonalidade natural, acabamento fosco.",Vernizes,Maritimo,Montana,72.28,42,VER-MON-MAR-12,Madeira
Verniz Poliuretano Colorgin Natural Brilhante 3.6L,"Verniz poliuretano para protecao de madeiras. Tonalidade natural, acabamento brilhante.",Vernizes,Poliuretano,Colorgin,214.06,27,VER-COL-POL-13,Madeira
Verniz Poliuretano Colorgin Imbuia Brilhante 900ml,"Verniz poliuretano para protecao de madeiras. Tonalidade imbuia, acabamento brilhante.",Vernizes,Poliuretano,Colorgin,59.23,39,VER-COL-POL-14,Madeira
Verniz Maritimo Sparlack Natural Fosco 3.6L,"Verniz maritimo para protecao de madeiras. Tonalidade natural, acabamento fosco.",Vernizes,Maritimo,Sparlack,262.94,31,VER-SPA-MAR-15,Madeira
Verniz Poliuretano Sayerlack Natural Fosco 3.6L,"Verniz poliuretano para protecao de madeiras. Tonalidade natural, acabamento fosco.",Vernizes,Poliuretano,Sayerlack,194.82,50,VER-SAY-POL-16,Madeira
Verniz Maritimo Colorgin Imbuia Brilhante 900ml,"Verniz maritimo para protecao de madeiras. Tonalidade imbuia, acabamento brilhante.",Vernizes,Maritimo,Colorgin,63.63,10,VER-COL-MAR-17,Madeira
Verniz Acrilico Colorgin Ipe Fosco 900ml,"Verniz acrilico para protecao de madeiras. Tonalidade ipe, acabamento fosco.",Vernizes,Acrilico,Colorgin,50.12,26,VER-COL-ACR-18,Madeira
Verniz Copal Montana Mogno Fosco 3.6L,"Verniz copal para protecao de madeiras. Tonalidade mogno, acabamento fosco.",Vernizes,Copal,Montana,274.67,27,VER-MON-COP-19,Madeira
Verniz Maritimo Montana Ipe Fosco 900ml,"Verniz maritimo para protecao de madeiras. Tonalidade ipe, acabamento fosco.",Vernizes,Maritimo,Montana,75.52,46,VER-MON-MAR-20,Madeira
Verniz Poliuretano Sayerlack Imbuia Brilhante 900ml,"Verniz poliuretano para protecao de madeiras. Tonalidade imbuia, acabamento brilhante.",Vernizes,Poliuretano,Sayerlack,57.74,39,VER-SAY-POL-21,Madeira
Verniz Copal Sparlack Natural Brilhante 900ml,"Verniz copal para protecao de madeiras. Tonalidade natural, acabamento brilhante.",Vernizes,Copal,Sparlack,61.57,25,VER-SPA-COP-22,Madeira
Verniz Copal Colorgin Cedro Brilhante 900ml,"Verniz copal para protecao de madeiras. Tonalidade cedro, acabamento brilhante.",Vernizes,Copal,Colorgin,71.36,24,VER-COL-COP-23,Madeira
Verniz Copal Montana Natural Brilhante 3.6L,"Verniz copal para protecao de madeiras. Tonalidade natural, acabamento brilhante.",Vernizes,Copal,Montana,195.26,47,VER-MON-COP-24,Madeira
Verniz Acrilico Colorgin Natural Fosco 900ml,"Verniz acrilico para protecao de madeiras. Tonalidade natural, acabamento fosco.",Vernizes,Acrilico,Colorgin,52.52,19,VER-COL-ACR-25,Madeira
Verniz Maritimo Colorgin Cedro Brilhante 3.6L,"Verniz maritimo para protecao de madeiras. Tonalidade cedro, acabamento brilhante.",Vernizes,Maritimo,Colorgin,284.63,43,VER-COL-MAR-26,Madeira
Verniz Poliuretano Colorgin Cedro Brilhante 3.6L,"Verniz poliuretano para protecao de madeiras. Tonalidade cedro, acabamento brilhante.",Vernizes,Poliuretano,Colorgin,176.81,41,VER-COL-POL-27,Madeira
Verniz Maritimo Montana Imbuia Fosco 3.6L,"Verniz maritimo para protecao de madeiras. Tonalidade imbuia, acabamento fosco.",Vernizes,Maritimo,Montana,286.83,14,VER-MON-MAR-28,Madeira
Verniz Copal Sparlack Natural Fosco 3.6L,"Verniz copal para protecao de madeiras. Tonalidade natural, acabamento fosco.",Vernizes,Copal,Sparlack,178.19,12,VER-SPA-COP-29,Madeira
Verniz Copal Colorgin Cedro Brilhante 3.6L,"Verniz copal para protecao de madeiras. Tonalidade cedro, acabamento brilhante.",Vernizes,Copal,Colorgin,276.54,10,VER-COL-COP-30,Madeira
Verniz Maritimo Sparlack Imbuia Fosco 3.6L,"Verniz maritimo para protecao de madeiras. Tonalidade imbuia, acabamento fosco.",Vernizes,Maritimo,Sparlack,215.84,47,VER-SPA-MAR-31,Madeira
Verniz Copal Montana Mogno Brilhante 3.6L,"Verniz copal para protecao de madeiras. Tonalidade mogno, acabamento brilhante.",Vernizes,Copal,Montana,206.08,21,VER-MON-COP-32,Madeira
Verniz Poliuretano Colorgin Imbuia Fosco 900ml,"Verniz poliuretano para protecao de madeiras. Tonalidade imbuia, acabamento fosco.",Vernizes,Poliuretano,Colorgin,69.59,23,VER-COL-POL-33,Madeira
Verniz Poliuretano Colorgin Cedro Brilhante 3.6L,"Verniz poliuretano para protecao de madeiras. Tonalidade cedro, acabamento brilhante.",Vernizes,Poliuretano,Colorgin,194.47,41,VER-COL-POL-34,Madeira
Verniz Poliuretano Sparlack Cedro Fosco 3.6L,"Verniz poliuretano para protecao de madeiras. Tonalidade cedro, acabamento fosco.",Vernizes,Poliuretano,Sparlack,244.11,35,VER-SPA-POL-35,Madeira
Verniz Maritimo Sparlack Mogno Brilhante 3.6L,"Verniz maritimo para protecao de madeiras. Tonalidade mogno, acabamento brilhante.",Vernizes,Maritimo,Sparlack,166.97,36,VER-SPA-MAR-36,Madeira
Verniz Poliuretano Colorgin Natural Brilhante 900ml,"Verniz poliuretano para protecao de madeiras. Tonalidade natural, acabamento brilhante.",Vernizes,Poliuretano,Colorgin,62.76,48,VER-COL-POL-37,Madeira
Verniz Acrilico Sparlack Imbuia Brilhante 900ml,"Verniz acrilico para protecao de madeiras. Tonalidade imbuia, acabamento brilhante.",Vernizes,Acrilico,Sparlack,57.35,24,VER-SPA-ACR-38,Madeira
Verniz Poliuretano Sparlack Ipe Brilhante 3.6L,"Verniz poliuretano para protecao de madeiras. Tonalidade ipe, acabamento brilhante.",Vernizes,Poliuretano,Sparlack,240.62,49,VER-SPA-POL-39,Madeira
Verniz Maritimo Montana Natural Fosco 900ml,"Verniz maritimo para protecao de madeiras. Tonalidade natural, acabamento fosco.",Vernizes,Maritimo,Montana,70.33,35,VER-MON-MAR-40,Madeira
Verniz Copal Sayerlack Mogno Fosco 900ml,"Verniz copal para protecao de madeiras. Tonalidade mogno, acabamento fosco.",Vernizes,Copal,Sayerlack,47.44,41,VER-SAY-COP-41,Madeira
Verniz Poliuretano Sayerlack Cedro Fosco 900ml,"Verniz poliuretano para protecao de madeiras. Tonalidade cedro, acabamento fosco.",Vernizes,Poliuretano,Sayerlack,77.39,23,VER-SAY-POL-42,Madeira
Verniz Poliuretano Colorgin Imbuia Brilhante 3.6L,"Verniz poliuretano para protecao de madeiras. Tonalidade imbuia, acabamento brilhante.",Vernizes,Poliuretano,Colorgin,226.73,14,VER-COL-POL-43,Madeira
Verniz Acrilico Colorgin Ipe Fosco 3.6L,"Verniz acrilico para protecao de madeiras. Tonalidade ipe, acabamento fosco.",Vernizes,Acrilico,Colorgin,207.32,35,VER-COL-ACR-44,Madeira
Verniz Acrilico Sayerlack Imbuia Brilhante 3.6L,"Verniz acrilico para protecao de madeiras. Tonalidade imbuia, acabamento brilhante.",Vernizes,Acrilico,Sayerlack,173.07,39,VER-SAY-ACR-45,Madeira
Verniz Poliuretano Colorgin Mogno Brilhante 3.6L,"Verniz poliuretano para protecao de madeiras. Tonalidade mogno, acabamento brilhante.",Vernizes,Poliuretano,Colorgin,216.08,24,VER-COL-POL-46,Madeira
Verniz Copal Colorgin Natural Fosco 900ml,"Verniz copal para protecao de madeiras. Tonalidade natural, acabamento fosco.",Vernizes,Copal,Colorgin,48.7,43,VER-COL-COP-47,Madeira
Verniz Copal Sayerlack Ipe Fosco 3.6L,"Verniz copal para protecao de madeiras. Tonalidade ipe, acabamento fosco.",Vernizes,Copal,Sayerlack,291.7,17,VER-SAY-COP-48,Madeira
Verniz Poliuretano Sayerlack Cedro Fosco 900ml,"Verniz poliuretano para protecao de madeiras. Tonalidade cedro, acabamento fosco.",Vernizes,Poliuretano,Sayerlack,59.28,26,VER-SAY-POL-49,Madeira
Verniz Acrilico Sparlack Imbuia Brilhante 3.6L,"Verniz acrilico para protecao de madeiras. Tonalidade imbuia, acabamento brilhante.",Vernizes,Acrilico,Sparlack,174.44,16,VER-SPA-ACR-50,Madeira
Verniz Copal Montana Mogno Fosco 900ml,"Verniz copal para protecao de madeiras. Tonalidade mogno, acabamento fosco.",Vernizes,Copal,Montana,56.32,27,VER-MON-COP-51,Madeira
Verniz Poliuretano Colorgin Imbuia Fosco 900ml,"Verniz poliuretano para protecao de madeiras. Tonalidade imbuia, acabamento fosco.",Vernizes,Poliuretano,Colorgin,61.95,28,VER-COL-POL-52,Madeira
Verniz Poliuretano Sparlack Ipe Brilhante 3.6L,"Verniz poliuretano para protecao de madeiras. Tonalidade ipe, acabamento brilhante.",Vernizes,Poliuretano,Sparlack,184.9,29,VER-SPA-POL-53,Madeira
Verniz Copal Colorgin Cedro Brilhante 900ml,"Verniz copal para protecao de madeiras. Tonalidade cedro, acabamento brilhante.",Vernizes,Copal,Colorgin,84.62,42,VER-COL-COP-54,Madeira
Verniz Poliuretano Sparlack Mogno Brilhante 3.6L,"Verniz poliuretano para protecao de madeiras. Tonalidade mogno, acabamento brilhante.",Vernizes,Poliuretano,Sparlack,250.91,21,VER-SPA-POL-55,Madeira
Verniz Maritimo Colorgin Ipe Brilhante 900ml,"Verniz maritimo para protecao de madeiras. Tonalidade ipe, acabamento brilhante.",Vernizes,Maritimo,Colorgin,77.15,34,VER-COL-MAR-56,Madeira
Verniz Copal Montana Cedro Fosco 900ml,"Verniz copal para protecao de madeiras. Tonalidade cedro, acabamento fosco.",Vernizes,Copal,Montana,61.0,23,VER-MON-COP-57,Madeira
Verniz Poliuretano Montana Cedro Fosco 900ml,"Verniz poliuretano para protecao de madeiras. Tonalidade cedro, acabamento fosco.",Vernizes,Poliuretano,Montana,50.85,20,VER-MON-POL-58,Madeira
Verniz Maritimo Colorgin Mogno Brilhante 900ml,"Verniz maritimo para protecao de madeiras. Tonalidade mogno, acabamento brilhante.",Vernizes,Maritimo,Colorgin,81.94,38,VER-COL-MAR-59,Madeira
Verniz Acrilico Colorgin Imbuia Fosco 3.6L,"Verniz acrilico para protecao de madeiras. Tonalidade imbuia, acabamento fosco.",Vernizes,Acrilico,Colorgin,246.23,19,VER-COL-ACR-60,Madeira
Verniz Maritimo Colorgin Cedro Fosco 3.6L,"Verniz maritimo para protecao de madeiras. Tonalidade cedro, acabamento fosco.",Vernizes,Maritimo,Colorgin,265.59,34,VER-COL-MAR-61,Madeira
Verniz Copal Sayerlack Imbuia Brilhante 3.6L,"Verniz copal para protecao de madeiras. Tonalidade imbuia, acabamento brilhante.",Vernizes,Copal,Sayerlack,257.14,26,VER-SAY-COP-62,Madeira
Verniz Maritimo Sparlack Imbuia Fosco 900ml,"Verniz maritimo para protecao de madeiras. Tonalidade imbuia, acabamento fosco.",Vernizes,Maritimo,Sparlack,66.26,38,VER-SPA-MAR-63,Madeira
Verniz Copal Colorgin Cedro Fosco 3.6L,"Verniz copal para protecao de madeiras. Tonalidade cedro, acabamento fosco.",Vernizes,Copal,Colorgin,204.33,48,VER-COL-COP-64,Madeira
Verniz Copal Sparlack Imbuia Brilhante 3.6L,"Verniz copal para protecao de madeiras. Tonalidade imbuia, acabamento brilhante.",Vernizes,Copal,Sparlack,263.4,48,VER-SPA-COP-65,Madeira
Verniz Copal Colorgin Cedro Brilhante 3.6L,"Verniz copal para protecao de madeiras. Tonalidade cedro, acabamento brilhante.",Vernizes,Copal,Colorgin,262.92,30,VER-COL-COP-66,Madeira
Verniz Maritimo Montana Imbuia Fosco 3.6L,"Verniz maritimo para protecao de madeiras. Tonalidade imbuia, acabamento fosco.",Vernizes,Maritimo,Montana,184.46,20,VER-MON-MAR-67,Madeira
Verniz Copal Montana Natural Brilhante 3.6L,"Verniz copal para protecao de madeiras. Tonalidade natural, acabamento brilhante.",Vernizes,Copal,Montana,278.36,20,VER-MON-COP-68,Madeira
Verniz Copal Sparlack Imbuia Brilhante 3.6L,"Verniz copal para protecao de madeiras. Tonalidade imbuia, acabamento brilhante.",Vernizes,Copal,Sparlack,274.23,36,VER-SPA-COP-69,Madeira
Verniz Poliuretano Montana Natural Brilhante 3.6L,"Verniz poliuretano para protecao de madeiras. Tonalidade natural, acabamento brilhante.",Vernizes,Poliuretano,Montana,174.17,42,VER-MON-POL-70,Madeira
Verniz Poliuretano Colorgin Mogno Fosco 900ml,"Verniz poliuretano para protecao de madeiras. Tonalidade mogno, acabamento fosco.",Vernizes,Poliuretano,Colorgin,66.28,21,VER-COL-POL-71,Madeira
Verniz Copal Sparlack Mogno Brilhante 3.6L,"Verniz copal para protecao de madeiras. Tonalidade mogno, acabamento brilhante.",Vernizes,Copal,Sparlack,205.39,37,VER-SPA-COP-72,Madeira
Verniz Acrilico Montana Mogno Fosco 3.6L,"Verniz acrilico para protecao de madeiras. Tonalidade mogno, acabamento fosco.",Vernizes,Acrilico,Montana,190.89,38,VER-MON-ACR-73,Madeira
Verniz Poliuretano Colorgin Ipe Fosco 3.6L,"Verniz poliuretano para protecao de madeiras. Tonalidade ipe, acabamento fosco.",Vernizes,Poliuretano,Colorgin,224.81,32,VER-COL-POL-74,Madeira
Verniz Copal Sayerlack Imbuia Brilhante 900ml,"Verniz copal para protecao de madeiras. Tonalidade imbuia, acabamento brilhante.",Vernizes,Copal,Sayerlack,73.85,41,VER-SAY-COP-75,Madeira
Verniz Maritimo Sayerlack Imbuia Brilhante 3.6L,"Verniz maritimo para protecao de madeiras. Tonalidade imbuia, acabamento brilhante.",Vernizes,Maritimo,Sayerlack,238.62,42,VER-SAY-MAR-76,Madeira
Verniz Copal Montana Natural Brilhante 3.6L,"Verniz copal para protecao de madeiras. Tonalidade natural, acabamento brilhante.",Vernizes,Copal,Montana,218.84,16,VER-MON-COP-77,Madeira
Verniz Poliuretano Sayerlack Cedro Fosco 900ml,"Verniz poliuretano para protecao de madeiras. Tonalidade cedro, acabamento fosco.",Vernizes,Poliuretano,Sayerlack,54.87,32,VER-SAY-POL-78,Madeira
Verniz Poliuretano Sparlack Mogno Fosco 900ml,"Verniz poliuretano para protecao de madeiras. Tonalidade mogno, acabamento fosco.",Vernizes,Poliuretano,Sparlack,67.55,38,VER-SPA-POL-79,Madeira
Massa Corrida PVA Anjo 1.5kg,Massa corrida PVA para nivelamento de paredes. Facil aplicacao e lixamento.,Massas,Massa PVA,Anjo,19.4,135,MAS-PVA-ANJ-0,Paredes Internas
Massa Corrida PVA Suvinil 5.5kg,Massa corrida PVA para nivelamento de paredes. Facil aplicacao e lixamento.,Massas,Massa PVA,Suvinil,42.84,28,MAS-PVA-SUV-1,Paredes Internas
Massa Corrida Acrilica Suvinil 25kg,Massa corrida Acrilica para nivelamento de paredes. Facil aplicacao e lixamento.,Massas,Massa Acrilica,Suvinil,271.36,125,MAS-ACR-SUV-2,Paredes
Massa Corrida PVA Suvinil 25kg,Massa corrida PVA para nivelamento de paredes. Facil aplicacao e lixamento.,Massas,Massa PVA,Suvinil,145.54,99,MAS-PVA-SUV-3,Paredes Internas
Massa Corrida Acrilica Eucatex 25kg,Massa corrida Acrilica para nivelamento de paredes. Facil aplicacao e lixamento.,Massas,Massa Acrilica,Eucatex,237.83,98,MAS-ACR-EUC-4,Paredes
Massa Corrida Acrilica Suvinil 25kg,Massa corrida Acrilica para nivelamento de paredes. Facil aplicacao e lixamento.,Massas,Massa Acrilica,Suvinil,262.67,122,MAS-ACR-SUV-5,Paredes
Massa Corrida Acrilica Coral 25kg,Massa corrida Acrilica para nivelamento de paredes. Facil aplicacao e lixamento.,Massas,Massa Acrilica,Coral,241.37,27,MAS-ACR-COR-6,Paredes
Massa Corrida Acrilica Eucatex 1.5kg,Massa corrida Acrilica para nivelamento de paredes. Facil aplicacao e lixamento.,Massas,Massa Acrilica,Eucatex,25.26,120,MAS-ACR-EUC-7,Paredes
Massa Corrida PVA Anjo 5.5kg,Massa corrida PVA para nivelamento de paredes. Facil aplicacao e lixamento.,Massas,Massa PVA,Anjo,59.09,142,MAS-PVA-ANJ-8,Paredes Internas
Massa Corrida PVA Coral 25kg,Massa corrida PVA para nivelamento de paredes. Facil aplicacao e lixamento.,Massas,Massa PVA,Coral,148.54,136,MAS-PVA-COR-9,Paredes Internas
Massa Corrida PVA Anjo 1.5kg,Massa corrida PVA para nivelamento de paredes. Facil aplicacao e lixamento.,Massas,Massa PVA,Anjo,15.14,121,MAS-PVA-ANJ-10,Paredes Internas
Massa Corrida Acrilica Anjo 1.5kg,Massa corrida Acrilica para nivelamento de paredes. Facil aplicacao e lixamento.,Massas,Massa Acrilica,Anjo,24.11,60,MAS-ACR-ANJ-11,Paredes
Massa Corrida Acrilica Coral 1.5kg,Massa corrida Acrilica para nivelamento de paredes. Facil aplicacao e lixamento.,Massas,Massa Acrilica,Coral,23.59,94,MAS-ACR-COR-12,Paredes
Massa Corrida PVA Coral 25kg,Massa corrida PVA para nivelamento de paredes. Facil aplicacao e lixamento.,Massas,Massa PVA,Coral,146.01,141,MAS-PVA-COR-13,Paredes Internas
Massa Corrida PVA Anjo 25kg,Massa corrida PVA para nivelamento de paredes. Facil aplicacao e lixamento.,Massas,Massa PVA,Anjo,175.34,50,MAS-PVA-ANJ-14,Paredes Internas
Massa Corrida Acrilica Suvinil 25kg,Massa corrida Acrilica para nivelamento de paredes. Facil aplicacao e lixamento.,Massas,Massa Acrilica,Suvinil,280.99,99,MAS-ACR-SUV-15,Paredes
Massa Corrida PVA Coral 5.5kg,Massa corrida PVA para nivelamento de paredes. Facil aplicacao e lixamento.,Massas,Massa PVA,Coral,65.62,82,MAS-PVA-COR-16,Paredes Internas
Massa Corrida Acrilica Eucatex 25kg,Massa corrida Acrilica para nivelamento de paredes. Facil aplicacao e lixamento.,Massas,Massa Acrilica,Eucatex,310.55,47,MAS-ACR-EUC-17,Paredes
Massa Corrida Acrilica Eucatex 1.5kg,Massa corrida Acrilica para nivelamento de paredes. Facil aplicacao e lixamento.,Massas,Massa Acrilica,Eucatex,20.28,61,MAS-ACR-EUC-18,Paredes
Massa Corrida Acrilica Eucatex 1.5kg,Massa corrida Acrilica para nivelamento de paredes. Facil aplicacao e lixamento.,Massas,Massa Acrilica,Eucatex,22.45,105,MAS-ACR-EUC-19,Paredes
Massa Corrida Acrilica Suvinil 1.5kg,Massa corrida Acrilica para nivelamento de paredes. Facil aplicacao e lixamento.,Massas,Massa Acrilica,Suvinil,19.55,73,MAS-ACR-SUV-20,Paredes
Massa Corrida PVA Eucatex 1.5kg,Massa corrida PVA para nivelamento de paredes. Facil aplicacao e lixamento.,Massas,Massa PVA,Eucatex,14.64,31,MAS-PVA-EUC-21,Paredes Internas
Massa Corrida Acrilica Eucatex 25kg,Massa corrida Acrilica para nivelamento de paredes. Facil aplicacao e lixamento.,Massas,Massa Acrilica,Eucatex,237.63,108,MAS-ACR-EUC-22,Paredes
Massa Corrida PVA Eucatex 1.5kg,Massa corrida PVA para nivelamento de paredes. Facil aplicacao e lixamento.,Massas,Massa PVA,Eucatex,15.79,67,MAS-PVA-EUC-23,Paredes Internas
Massa Corrida PVA Suvinil 5.5kg,Massa corrida PVA para nivelamento de paredes. Facil aplicacao e lixamento.,Massas,Massa PVA,Suvinil,39.62,92,MAS-PVA-SUV-24,Paredes Internas
Massa Corrida PVA Anjo 25kg,Massa corrida PVA para nivelamento de paredes. Facil aplicacao e lixamento.,Massas,Massa PVA,Anjo,137.78,53,MAS-PVA-ANJ-25,Paredes Internas
Massa Corrida PVA Coral 5.5kg,Massa corrida PVA para nivelamento de paredes. Facil aplicacao e lixamento.,Massas,Massa PVA,Coral,61.34,122,MAS-PVA-COR-26,Paredes Internas
Massa Corrida Acrilica Eucatex 5.5kg,Massa corrida Acrilica para nivelamento de paredes. Facil aplicacao e lixamento.,Massas,Massa Acrilica,Eucatex,64.88,108,MAS-ACR-EUC-27,Paredes
Massa Corrida PVA Eucatex 5.5kg,Massa corrida PVA para nivelamento de paredes. Facil aplicacao e lixamento.,Massas,Massa PVA,Eucatex,44.97,126,MAS-PVA-EUC-28,Paredes Internas
Massa Corrida PVA Suvinil 25kg,Massa corrida PVA para nivelamento de paredes. Facil aplicacao e lixamento.,Massas,Massa PVA,Suvinil,168.88,90,MAS-PVA-SUV-29,Paredes Internas
Massa Corrida PVA Coral 5.5kg,Massa corrida PVA para nivelamento de paredes. Facil aplicacao e lixamento.,Massas,Massa PVA,Coral,51.91,32,MAS-PVA-COR-30,Paredes Internas
Massa Corrida Acrilica Anjo 25kg,Massa corrida Acrilica para nivelamento de paredes. Facil aplicacao e lixamento.,Massas,Massa Acrilica,Anjo,189.24,49,MAS-ACR-ANJ-31,Paredes
Massa Corrida PVA Anjo 25kg,Massa corrida PVA para nivelamento de paredes. Facil aplicacao e lixamento.,Massas,Massa PVA,Anjo,188.49,129,MAS-PVA-ANJ-32,Paredes Internas
Massa Corrida Acrilica Anjo 5.5kg,Massa corrida Acrilica para nivelamento de paredes. Facil aplicacao e lixamento.,Massas,Massa Acrilica,Anjo,82.28,34,MAS-ACR-ANJ-33,Paredes
Massa Corrida Acrilica Coral 1.5kg,Massa corrida Acrilica para nivelamento de paredes. Facil aplicacao e lixamento.,Massas,Massa Acrilica,Coral,23.49,120,MAS-ACR-COR-34,Paredes
Massa Corrida Acrilica Eucatex 25kg,Massa corrida Acrilica para nivelamento de paredes. Facil aplicacao e lixamento.,Massas,Massa Acrilica,Eucatex,256.47,131,MAS-ACR-EUC-35,Paredes
Massa Corrida PVA Suvinil 5.5kg,Massa corrida PVA para nivelamento de paredes. Facil aplicacao e lixamento.,Massas,Massa PVA,Suvinil,40.19,121,MAS-PVA-SUV-36,Paredes Internas
Massa Corrida Acrilica Suvinil 1.5kg,Massa corrida Acrilica para nivelamento de paredes. Facil aplicacao e lixamento.,Massas,Massa Acrilica,Suvinil,19.96,116,MAS-ACR-SUV-37,Paredes
Massa Corrida PVA Suvinil 5.5kg,Massa corrida PVA para nivelamento de paredes. Facil aplicacao e lixamento.,Massas,Massa PVA,Suvinil,58.21,44,MAS-PVA-SUV-38,Paredes Internas
Massa Corrida Acrilica Suvinil 5.5kg,Massa corrida Acrilica para nivelamento de paredes. Facil aplicacao e lixamento.,Massas,Massa Acrilica,Suvinil,84.42,65,MAS-ACR-SUV-39,Paredes
Massa Corrida PVA Anjo 1.5kg,Massa corrida PVA para nivelamento de paredes. Facil aplicacao e lixamento.,Massas,Massa PVA,Anjo,20.87,59,MAS-PVA-ANJ-40,Paredes Internas
Massa Corrida Acrilica Eucatex 5.5kg,Massa corrida Acrilica para nivelamento de paredes. Facil aplicacao e lixamento.,Massas,Massa Acrilica,Eucatex,71.1,59,MAS-ACR-EUC-41,Paredes
Massa Corrida PVA Anjo 25kg,Massa corrida PVA para nivelamento de paredes. Facil aplicacao e lixamento.,Massas,Massa PVA,Anjo,205.63,76,MAS-PVA-ANJ-42,Paredes Internas
Massa Corrida PVA Eucatex 25kg,Massa corrida PVA para nivelamento de paredes. Facil aplicacao e lixamento.,Massas,Massa PVA,Eucatex,132.17,115,MAS-PVA-EUC-43,Paredes Internas
Massa Corrida Acrilica Eucatex 25kg,Massa corrida Acrilica para nivelamento de paredes. Facil aplicacao e lixamento.,Massas,Massa Acrilica,Eucatex,291.0,97,MAS-ACR-EUC-44,Paredes
Massa Corrida PVA Coral 5.5kg,Massa corrida PVA para nivelamento de paredes. Facil aplicacao e lixamento.,Massas,Massa PVA,Coral,38.81,86,MAS-PVA-COR-45,Paredes Internas
Massa Corrida PVA Eucatex 1.5kg,Massa corrida PVA para nivelamento de paredes. Facil aplicacao e lixamento.,Massas,Massa PVA,Eucatex,12.71,109,MAS-PVA-EUC-46,Paredes Internas
Massa Corrida PVA Coral 5.5kg,Massa corrida PVA para nivelamento de paredes. Facil aplicacao e lixamento.,Massas,Massa PVA,Coral,38.59,44,MAS-PVA-COR-47,Paredes Internas
Massa Corrida Acrilica Eucatex 1.5kg,Massa corrida Acrilica para nivelamento de paredes. Facil aplicacao e lixamento.,Massas,Massa Acrilica,Eucatex,21.8,27,MAS-ACR-EUC-48,Paredes
Massa Corrida Acrilica Eucatex 5.5kg,Massa corrida Acrilica para nivelamento de paredes. Facil aplicacao e lixamento.,Massas,Massa Acrilica,Eucatex,84.19,134,MAS-ACR-EUC-49,Paredes
Massa Corrida Acrilica Suvinil 5.5kg,Massa corrida Acrilica para nivelamento de paredes. Facil aplicacao e lixamento.,Massas,Massa Acrilica,Suvinil,63.55,88,MAS-ACR-SUV-50,Paredes
Massa Corrida Acrilica Coral 1.5kg,Massa corrida Acrilica para nivelamento de paredes. Facil aplicacao e lixamento.,Massas,Massa Acrilica,Coral,22.69,34,MAS-ACR-COR-51,Paredes
Massa Corrida PVA Eucatex 5.5kg,Massa corrida PVA para nivelamento de paredes. Facil aplicacao e lixamento.,Massas,Massa PVA,Eucatex,43.37,84,MAS-PVA-EUC-52,Paredes Internas
Massa Corrida Acrilica Coral 25kg,Massa corrida Acrilica para nivelamento de paredes. Facil aplicacao e lixamento.,Massas,Massa Acrilica,Coral,315.42,61,MAS-ACR-COR-53,Paredes
Massa Corrida PVA Anjo 5.5kg,Massa corrida PVA para nivelamento de paredes. Facil aplicacao e lixamento.,Massas,Massa PVA,Anjo,55.99,99,MAS-PVA-ANJ-54,Paredes Internas
Massa Corrida Acrilica Eucatex 1.5kg,Massa corrida Acrilica para nivelamento de paredes. Facil aplicacao e lixamento.,Massas,Massa Acrilica,Eucatex,18.45,132,MAS-ACR-EUC-55,Paredes
Massa Corrida PVA Eucatex 25kg,Massa corrida PVA para nivelamento de paredes. Facil aplicacao e lixamento.,Massas,Massa PVA,Eucatex,196.11,140,MAS-PVA-EUC-56,Paredes Internas
Massa Corrida Acrilica Eucatex 5.5kg,Massa corrida Acrilica para nivelamento de paredes. Facil aplicacao e lixamento.,Massas,Massa Acrilica,Eucatex,63.41,31,MAS-ACR-EUC-57,Paredes
Massa Corrida Acrilica Coral 5.5kg,Massa corrida Acrilica para nivelamento de paredes. Facil aplicacao e lixamento.,Massas,Massa Acrilica,Coral,56.29,131,MAS-ACR-COR-58,Paredes
Massa Corrida PVA Suvinil 1.5kg,Massa corrida PVA para nivelamento de paredes. Facil aplicacao e lixamento.,Massas,Massa PVA,Suvinil,13.47,43,MAS-PVA-SUV-59,Paredes Internas
Solvente Esmalte Natrielli 900ml,Solvente Esmalte de alta pureza para diluicao de tintas e limpeza de equipamentos.,Solventes,Solvente Esmalte,Natrielli,20.0,186,SOL-SOL-NAT-0,Diluicao e Limpeza
Solvente Esmalte Eucatex 900ml,Solvente Esmalte de alta pureza para diluicao de tintas e limpeza de equipamentos.,Solventes,Solvente Esmalte,Eucatex,20.0,168,SOL-SOL-EUC-1,Diluicao e Limpeza
Thinner Anjo 500ml,Thinner de alta pureza para diluicao de tintas e limpeza de equipamentos.,Solventes,Thinner,Anjo,13.2,123,SOL-THI-ANJ-2,Diluicao e Limpeza
Aguarras Natrielli 500ml,Aguarras de alta pureza para diluicao de tintas e limpeza de equipamentos.,Solventes,Aguarras,Natrielli,10.8,76,SOL-AGU-NAT-3,Diluicao e Limpeza
Solvente Esmalte Eucatex 5L,Solvente Esmalte de alta pureza para diluicao de tintas e limpeza de equipamentos.,Solventes,Solvente Esmalte,Eucatex,90.0,112,SOL-SOL-EUC-4,Diluicao e Limpeza
Diluente Verniz Eucatex 900ml,Diluente Verniz de alta pureza para diluicao de tintas e limpeza de equipamentos.,Solventes,Diluente Verniz,Eucatex,25.0,169,SOL-DIL-EUC-5,Diluicao e Limpeza
Solvente Esmalte Anjo 5L,Solvente Esmalte de alta pureza para diluicao de tintas e limpeza de equipamentos.,Solventes,Solvente Esmalte,Anjo,90.0,42,SOL-SOL-ANJ-6,Diluicao e Limpeza
Diluente Verniz Eucatex 900ml,Diluente Verniz de alta pureza para diluicao de tintas e limpeza de equipamentos.,Solventes,Diluente Verniz,Eucatex,25.0,73,SOL-DIL-EUC-7,Diluicao e Limpeza
Solvente Esmalte Anjo 5L,Solvente Esmalte de alta pureza para diluicao de tintas e limpeza de equipamentos.,Solventes,Solvente Esmalte,Anjo,90.0,125,SOL-SOL-ANJ-8,Diluicao e Limpeza
Solvente Esmalte Natrielli 900ml,Solvente Esmalte de alta pureza para diluicao de tintas e limpeza de equipamentos.,Solventes,Solvente Esmalte,Natrielli,20.0,132,SOL-SOL-NAT-9,Diluicao e Limpeza
Solvente Esmalte Anjo 500ml,Solvente Esmalte de alta pureza para diluicao de tintas e limpeza de equipamentos.,Solventes,Solvente Esmalte,Anjo,12.0,80,SOL-SOL-ANJ-10,Diluicao e Limpeza
Thinner Eucatex 900ml,Thinner de alta pureza para diluicao de tintas e limpeza de equipamentos.,Solventes,Thinner,Eucatex,22.0,185,SOL-THI-EUC-11,Diluicao e Limpeza
Aguarras Eucatex 900ml,Aguarras de alta pureza para diluicao de tintas e limpeza de equipamentos.,Solventes,Aguarras,Eucatex,18.0,200,SOL-AGU-EUC-12,Diluicao e Limpeza
Solvente Esmalte Eucatex 900ml,Solvente Esmalte de alta pureza para diluicao de tintas e limpeza de equipamentos.,Solventes,Solvente Esmalte,Eucatex,20.0,94,SOL-SOL-EUC-13,Diluicao e Limpeza
Solvente Esmalte Eucatex 500ml,Solvente Esmalte de alta pureza para diluicao de tintas e limpeza de equipamentos.,Solventes,Solvente Esmalte,Eucatex,12.0,177,SOL-SOL-EUC-14,Diluicao e Limpeza
Thinner Itaqua 5L,Thinner de alta pureza para diluicao de tintas e limpeza de equipamentos.,Solventes,Thinner,Itaqua,99.0,196,SOL-THI-ITA-15,Diluicao e Limpeza
Diluente Verniz Anjo 5L,Diluente Verniz de alta pureza para diluicao de tintas e limpeza de equipamentos.,Solventes,Diluente Verniz,Anjo,112.5,176,SOL-DIL-ANJ-16,Diluicao e Limpeza
Solvente Esmalte Itaqua 5L,Solvente Esmalte de alta pureza para diluicao de tintas e limpeza de equipamentos.,Solventes,Solvente Esmalte,Itaqua,90.0,55,SOL-SOL-ITA-17,Diluicao e Limpeza
Solvente Esmalte Eucatex 500ml,Solvente Esmalte de alta pureza para diluicao de tintas e limpeza de equipamentos.,Solventes,Solvente Esmalte,Eucatex,12.0,109,SOL-SOL-EUC-18,Diluicao e Limpeza
Thinner Natrielli 900ml,Thinner de alta pureza para diluicao de tintas e limpeza de equipamentos.,Solventes,Thinner,Natrielli,22.0,47,SOL-THI-NAT-19,Diluicao e Limpeza
Solvente Esmalte Natrielli 5L,Solvente Esmalte de alta pureza para diluicao de tintas e limpeza de equipamentos.,Solventes,Solvente Esmalte,Natrielli,90.0,45,SOL-SOL-NAT-20,Diluicao e Limpeza
Solvente Esmalte Itaqua 900ml,Solvente Esmalte de alta pureza para diluicao de tintas e limpeza de equipamentos.,Solventes,Solvente Esmalte,Itaqua,20.0,187,SOL-SOL-ITA-21,Diluicao e Limpeza
Diluente Verniz Anjo 900ml,Diluente Verniz de alta pureza para diluicao de tintas e limpeza de equipamentos.,Solventes,Diluente Verniz,Anjo,25.0,108,SOL-DIL-ANJ-22,Diluicao e Limpeza
Diluente Verniz Itaqua 500ml,Diluente Verniz de alta pureza para diluicao de tintas e limpeza de equipamentos.,Solventes,Diluente Verniz,Itaqua,15.0,198,SOL-DIL-ITA-23,Diluicao e Limpeza
Solvente Esmalte Natrielli 500ml,Solvente Esmalte de alta pureza para diluicao de tintas e limpeza de equipamentos.,Solventes,Solvente Esmalte,Natrielli,12.0,137,SOL-SOL-NAT-24,Diluicao e Limpeza
Diluente Verniz Eucatex 5L,Diluente Verniz de alta pureza para diluicao de tintas e limpeza de equipamentos.,Solventes,Diluente Verniz,Eucatex,112.5,191,SOL-DIL-EUC-25,Diluicao e Limpeza
Aguarras Eucatex 500ml,Aguarras de alta pureza para diluicao de tintas e limpeza de equipamentos.,Solventes,Aguarras,Eucatex,10.8,76,SOL-AGU-EUC-26,Diluicao e Limpeza
Thinner Eucatex 5L,Thinner de alta pureza para diluicao de tintas e limpeza de equipamentos.,Solventes,Thinner,Eucatex,99.0,141,SOL-THI-EUC-27,Diluicao e Limpeza
Solvente Esmalte Itaqua 500ml,Solvente Esmalte de alta pureza para diluicao de tintas e limpeza de equipamentos.,Solventes,Solvente Esmalte,Itaqua,12.0,98,SOL-SOL-ITA-28,Diluicao e Limpeza
Solvente Esmalte Natrielli 5L,Solvente Esmalte de alta pureza para diluicao de tintas e limpeza de equipamentos.,Solventes,Solvente Esmalte,Natrielli,90.0,128,SOL-SOL-NAT-29,Diluicao e Limpeza
Thinner Eucatex 5L,Thinner de alta pureza para diluicao de tintas e limpeza de equipamentos.,Solventes,Thinner,Eucatex,99.0,137,SOL-THI-EUC-30,Diluicao e Limpeza
Thinner Anjo 900ml,Thinner de alta pureza para diluicao de tintas e limpeza de equipamentos.,Solventes,Thinner,Anjo,22.0,40,SOL-THI-ANJ-31,Diluicao e Limpeza
Diluente Verniz Natrielli 500ml,Diluente Verniz de alta pureza para diluicao de tintas e limpeza de equipamentos.,Solventes,Diluente Verniz,Natrielli,15.0,62,SOL-DIL-NAT-32,Diluicao e Limpeza
Thinner Eucatex 900ml,Thinner de alta pureza para diluicao de tintas e limpeza de equipamentos.,Solventes,Thinner,Eucatex,22.0,114,SOL-THI-EUC-33,Diluicao e Limpeza
Aguarras Anjo 500ml,Aguarras de alta pureza para diluicao de tintas e limpeza de equipamentos.,Solventes,Aguarras,Anjo,10.8,180,SOL-AGU-ANJ-34,Diluicao e Limpeza
Diluente Verniz Itaqua 500ml,Diluente Verniz de alta pureza para diluicao de tintas e limpeza de equipamentos.,Solventes,Diluente Verniz,Itaqua,15.0,50,SOL-DIL-ITA-35,Diluicao e Limpeza
Diluente Verniz Anjo 5L,Diluente Verniz de alta pureza para diluicao de tintas e limpeza de equipamentos.,Solventes,Diluente Verniz,Anjo,112.5,76,SOL-DIL-ANJ-36,Diluicao e Limpeza
Aguarras Anjo 5L,Aguarras de alta pureza para diluicao de tintas e limpeza de equipamentos.,Solventes,Aguarras,Anjo,81.0,94,SOL-AGU-ANJ-37,Diluicao e Limpeza
Aguarras Anjo 900ml,Aguarras de alta pureza para diluicao de tintas e limpeza de equipamentos.,Solventes,Aguarras,Anjo,18.0,157,SOL-AGU-ANJ-38,Diluicao e Limpeza
Solvente Esmalte Itaqua 500ml,Solvente Esmalte de alta pureza para diluicao de tintas e limpeza de equipamentos.,Solventes,Solvente Esmalte,Itaqua,12.0,95,SOL-SOL-ITA-39,Diluicao e Limpeza
Aguarras Anjo 900ml,Aguarras de alta pureza para diluicao de tintas e limpeza de equipamentos.,Solventes,Aguarras,Anjo,18.0,163,SOL-AGU-ANJ-40,Diluicao e Limpeza
Aguarras Itaqua 900ml,Aguarras de alta pureza para diluicao de tintas e limpeza de equipamentos.,Solventes,Aguarras,Itaqua,18.0,193,SOL-AGU-ITA-41,Diluicao e Limpeza
Thinner Natrielli 5L,Thinner de alta pureza para diluicao de tintas e limpeza de equipamentos.,Solventes,Thinner,Natrielli,99.0,136,SOL-THI-NAT-42,Diluicao e Limpeza
Aguarras Eucatex 5L,Aguarras de alta pureza para diluicao de tintas e limpeza de equipamentos.,Solventes,Aguarras,Eucatex,81.0,89,SOL-AGU-EUC-43,Diluicao e Limpeza
Aguarras Itaqua 5L,Aguarras de alta pureza para diluicao de tintas e limpeza de equipamentos.,Solventes,Aguarras,Itaqua,81.0,138,SOL-AGU-ITA-44,Diluicao e Limpeza
Solvente Esmalte Eucatex 500ml,Solvente Esmalte de alta pureza para diluicao de tintas e limpeza de equipamentos.,Solventes,Solvente Esmalte,Eucatex,12.0,196,SOL-SOL-EUC-45,Diluicao e Limpeza
Thinner Itaqua 500ml,Thinner de alta pureza para diluicao de tintas e limpeza de equipamentos.,Solventes,Thinner,Itaqua,13.2,45,SOL-THI-ITA-46,Diluicao e Limpeza
Solvente Esmalte Natrielli 500ml,Solvente Esmalte de alta pureza para diluicao de tintas e limpeza de equipamentos.,Solventes,Solvente Esmalte,Natrielli,12.0,111,SOL-SOL-NAT-47,Diluicao e Limpeza
Aguarras Itaqua 900ml,Aguarras de alta pureza para diluicao de tintas e limpeza de equipamentos.,Solventes,Aguarras,Itaqua,18.0,157,SOL-AGU-ITA-48,Diluicao e Limpeza
Diluente Verniz Natrielli 500ml,Diluente Verniz de alta pureza para diluicao de tintas e limpeza de equipamentos.,Solventes,Diluente Verniz,Natrielli,15.0,44,SOL-DIL-NAT-49,Diluicao e Limpeza
"Pincel Chato Condor 1""",Pincel Chato profissional com cerdas de alta qualidade. Ideal para acabamentos perfeitos.,Pinceis,Pincel Chato,Condor,21.39,50,PIN-PIN-CON-1-0,Pintura
"Pincel Redondo Atlas 2.5""",Pincel Redondo profissional com cerdas de alta qualidade. Ideal para acabamentos perfeitos.,Pinceis,Pincel Redondo,Atlas,31.54,40,PIN-PIN-ATL-2.5-1,Pintura
"Pincel Chato Condor 3""",Pincel Chato profissional com cerdas de alta qualidade. Ideal para acabamentos perfeitos.,Pinceis,Pincel Chato,Condor,8.13,93,PIN-PIN-CON-3-2,Pintura
"Trincha Castor 4""",Trincha profissional com cerdas de alta qualidade. Ideal para acabamentos perfeitos.,Pinceis,Trincha,Castor,29.36,26,PIN-TRI-CAS-4-3,Pintura
"Trincha Castor 3""",Trincha profissional com cerdas de alta qualidade. Ideal para acabamentos perfeitos.,Pinceis,Trincha,Castor,8.24,70,PIN-TRI-CAS-3-4,Pintura
"Trincha Castor 2""",Trincha profissional com cerdas de alta qualidade. Ideal para acabamentos perfeitos.,Pinceis,Trincha,Castor,18.26,57,PIN-TRI-CAS-2-5,Pintura
"Pincel Chato Tigre 4""",Pincel Chato profissional com cerdas de alta qualidade. Ideal para acabamentos perfeitos.,Pinceis,Pincel Chato,Tigre,22.21,79,PIN-PIN-TIG-4-6,Pintura
"Trincha Tigre 3""",Trincha profissional com cerdas de alta qualidade. Ideal para acabamentos perfeitos.,Pinceis,Trincha,Tigre,27.19,26,PIN-TRI-TIG-3-7,Pintura
"Trincha Roma 3""",Trincha profissional com cerdas de alta qualidade. Ideal para acabamentos perfeitos.,Pinceis,Trincha,Roma,33.56,59,PIN-TRI-ROM-3-8,Pintura
"Pincel Chato Roma 2.5""",Pincel Chato profissional com cerdas de alta qualidade. Ideal para acabamentos perfeitos.,Pinceis,Pincel Chato,Roma,34.94,71,PIN-PIN-ROM-2.5-9,Pintura
"Trincha Castor 2.5""",Trincha profissional com cerdas de alta qualidade. Ideal para acabamentos perfeitos.,Pinceis,Trincha,Castor,29.82,48,PIN-TRI-CAS-2.5-10,Pintura
"Pincel Redondo Roma 2""",Pincel Redondo profissional com cerdas de alta qualidade. Ideal para acabamentos perfeitos.,Pinceis,Pincel Redondo,Roma,34.76,34,PIN-PIN-ROM-2-11,Pintura
"Pincel Chato Roma 1.5""",Pincel Chato profissional com cerdas de alta qualidade. Ideal para acabamentos perfeitos.,Pinceis,Pincel Chato,Roma,17.53,63,PIN-PIN-ROM-1.5-12,Pintura
"Pincel Redondo Roma 1.5""",Pincel Redondo profissional com cerdas de alta qualidade. Ideal para acabamentos perfeitos.,Pinceis,Pincel Redondo,Roma,17.9,66,PIN-PIN-ROM-1.5-13,Pintura
"Pincel Chato Condor 4""",Pincel Chato profissional com cerdas de alta qualidade. Ideal para acabamentos perfeitos.,Pinceis,Pincel Chato,Condor,16.37,99,PIN-PIN-CON-4-14,Pintura
"Trincha Tigre 2""",Trincha profissional com cerdas de alta qualidade. Ideal para acabamentos perfeitos.,Pinceis,Trincha,Tigre,28.18,86,PIN-TRI-TIG-2-15,Pintura
"Pincel Chato Atlas 2""",Pincel Chato profissional com cerdas de alta qualidade. Ideal para acabamentos perfeitos.,Pinceis,Pincel Chato,Atlas,13.49,71,PIN-PIN-ATL-2-16,Pintura
"Trincha Atlas 1.5""",Trincha profissional com cerdas de alta qualidade. Ideal para acabamentos perfeitos.,Pinceis,Trincha,Atlas,24.45,69,PIN-TRI-ATL-1.5-17,Pintura
"Trincha Condor 2.5""",Trincha profissional com cerdas de alta qualidade. Ideal para acabamentos perfeitos.,Pinceis,Trincha,Condor,9.27,45,PIN-TRI-CON-2.5-18,Pintura
"Pincel Redondo Condor 3""",Pincel Redondo profissional com cerdas de alta qualidade. Ideal para acabamentos perfeitos.,Pinceis,Pincel Redondo,Condor,24.6,39,PIN-PIN-CON-3-19,Pintura
"Pincel Chato Condor 4""",Pincel Chato profissional com cerdas de alta qualidade. Ideal para acabamentos perfeitos.,Pinceis,Pincel Chato,Condor,20.46,44,PIN-PIN-CON-4-20,Pintura
"Pincel Redondo Tigre 2.5""",Pincel Redondo profissional com cerdas de alta qualidade. Ideal para acabamentos perfeitos.,Pinceis,Pincel Redondo,Tigre,31.43,56,PIN-PIN-TIG-2.5-21,Pintura
"Pincel Chato Roma 1""",Pincel Chato profissional com cerdas de alta qualidade. Ideal para acabamentos perfeitos.,Pinceis,Pincel Chato,Roma,33.58,45,PIN-PIN-ROM-1-22,Pintura
"Pincel Chato Tigre 2""",Pincel Chato profissional com cerdas de alta qualidade. Ideal para acabamentos perfeitos.,Pinceis,Pincel Chato,Tigre,10.51,94,PIN-PIN-TIG-2-23,Pintura
"Trincha Atlas 1""",Trincha profissional com cerdas de alta qualidade. Ideal para acabamentos perfeitos.,Pinceis,Trincha,Atlas,12.22,95,PIN-TRI-ATL-1-24,Pintura
"Pincel Chato Atlas 2""",Pincel Chato profissional com cerdas de alta qualidade. Ideal para acabamentos perfeitos.,Pinceis,Pincel Chato,Atlas,10.33,23,PIN-PIN-ATL-2-25,Pintura
"Pincel Chato Castor 2.5""",Pincel Chato profissional com cerdas de alta qualidade. Ideal para acabamentos perfeitos.,Pinceis,Pincel Chato,Castor,25.77,55,PIN-PIN-CAS-2.5-26,Pintura
"Trincha Atlas 4""",Trincha profissional com cerdas de alta qualidade. Ideal para acabamentos perfeitos.,Pinceis,Trincha,Atlas,24.53,96,PIN-TRI-ATL-4-27,Pintura
"Trincha Condor 1""",Trincha profissional com cerdas de alta qualidade. Ideal para acabamentos perfeitos.,Pinceis,Trincha,Condor,12.87,25,PIN-TRI-CON-1-28,Pintura
"Trincha Condor 1.5""",Trincha profissional com cerdas de alta qualidade. Ideal para acabamentos perfeitos.,Pinceis,Trincha,Condor,15.48,43,PIN-TRI-CON-1.5-29,Pintura
"Pincel Redondo Atlas 2""",Pincel Redondo profissional com cerdas de alta qualidade. Ideal para acabamentos perfeitos.,Pinceis,Pincel Redondo,Atlas,19.62,82,PIN-PIN-ATL-2-30,Pintura
"Pincel Redondo Castor 4""",Pincel Redondo profissional com cerdas de alta qualidade. Ideal para acabamentos perfeitos.,Pinceis,Pincel Redondo,Castor,16.08,70,PIN-PIN-CAS-4-31,Pintura
"Pincel Redondo Castor 1.5""",Pincel Redondo profissional com cerdas de alta qualidade. Ideal para acabamentos perfeitos.,Pinceis,Pincel Redondo,Castor,26.1,94,PIN-PIN-CAS-1.5-32,Pintura
"Pincel Chato Condor 3""",Pincel Chato profissional com cerdas de alta qualidade. Ideal para acabamentos perfeitos.,Pinceis,Pincel Chato,Condor,9.68,67,PIN-PIN-CON-3-33,Pintura
"Trincha Tigre 1.5""",Trincha profissional com cerdas de alta qualidade. Ideal para acabamentos perfeitos.,Pinceis,Trincha,Tigre,15.44,95,PIN-TRI-TIG-1.5-34,Pintura
"Trincha Roma 2""",Trincha profissional com cerdas de alta qualidade. Ideal para acabamentos perfeitos.,Pinceis,Trincha,Roma,25.5,61,PIN-TRI-ROM-2-35,Pintura
"Pincel Redondo Condor 1.5""",Pincel Redondo profissional com cerdas de alta qualidade. Ideal para acabamentos perfeitos.,Pinceis,Pincel Redondo,Condor,19.79,89,PIN-PIN-CON-1.5-36,Pintura
"Trincha Condor 2.5""",Trincha profissional com cerdas de alta qualidade. Ideal para acabamentos perfeitos.,Pinceis,Trincha,Condor,27.05,86,PIN-TRI-CON-2.5-37,Pintura
"Pincel Chato Condor 3""",Pincel Chato profissional com cerdas de alta qualidade. Ideal para acabamentos perfeitos.,Pinceis,Pincel Chato,Condor,19.03,21,PIN-PIN-CON-3-38,Pintura
"Trincha Castor 3""",Trincha profissional com cerdas de alta qualidade. Ideal para acabamentos perfeitos.,Pinceis,Trincha,Castor,9.25,70,PIN-TRI-CAS-3-39,Pintura
"Pincel Chato Tigre 3""",Pincel Chato profissional com cerdas de alta qualidade. Ideal para acabamentos perfeitos.,Pinceis,Pincel Chato,Tigre,11.17,86,PIN-PIN-TIG-3-40,Pintura
"Pincel Chato Condor 2.5""",Pincel Chato profissional com cerdas de alta qualidade. Ideal para acabamentos perfeitos.,Pinceis,Pincel Chato,Condor,8.25,91,PIN-PIN-CON-2.5-41,Pintura
"Pincel Chato Tigre 2""",Pincel Chato profissional com cerdas de alta qualidade. Ideal para acabamentos perfeitos.,Pinceis,Pincel Chato,Tigre,28.86,42,PIN-PIN-TIG-2-42,Pintura
"Pincel Redondo Tigre 2""",Pincel Redondo profissional com cerdas de alta qualidade. Ideal para acabamentos perfeitos.,Pinceis,Pincel Redondo,Tigre,32.99,47,PIN-PIN-TIG-2-43,Pintura
"Trincha Roma 2""",Trincha profissional com cerdas de alta qualidade. Ideal para acabamentos perfeitos.,Pinceis,Trincha,Roma,34.37,95,PIN-TRI-ROM-2-44,Pintura
"Pincel Chato Tigre 1""",Pincel Chato profissional com cerdas de alta qualidade. Ideal para acabamentos perfeitos.,Pinceis,Pincel Chato,Tigre,23.99,52,PIN-PIN-TIG-1-45,Pintura
"Pincel Redondo Tigre 2.5""",Pincel Redondo profissional com cerdas de alta qualidade. Ideal para acabamentos perfeitos.,Pinceis,Pincel Redondo,Tigre,27.96,45,PIN-PIN-TIG-2.5-46,Pintura
"Pincel Redondo Condor 3""",Pincel Redondo profissional com cerdas de alta qualidade. Ideal para acabamentos perfeitos.,Pinceis,Pincel Redondo,Condor,14.36,39,PIN-PIN-CON-3-47,Pintura
"Trincha Condor 2.5""",Trincha profissional com cerdas de alta qualidade. Ideal para acabamentos perfeitos.,Pinceis,Trincha,Condor,24.97,56,PIN-TRI-CON-2.5-48,Pintura
"Trincha Castor 2.5""",Trincha profissional com cerdas de alta qualidade. Ideal para acabamentos perfeitos.,Pinceis,Trincha,Castor,15.27,38,PIN-TRI-CAS-2.5-49,Pintura
"Pincel Chato Atlas 2""",Pincel Chato profissional com cerdas de alta qualidade. Ideal para acabamentos perfeitos.,Pinceis,Pincel Chato,Atlas,13.23,99,PIN-PIN-ATL-2-50,Pintura
"Pincel Redondo Atlas 4""",Pincel Redondo profissional com cerdas de alta qualidade. Ideal para acabamentos perfeitos.,Pinceis,Pincel Redondo,Atlas,30.06,68,PIN-PIN-ATL-4-51,Pintura
"Trincha Castor 1""",Trincha profissional com cerdas de alta qualidade. Ideal para acabamentos perfeitos.,Pinceis,Trincha,Castor,18.8,27,PIN-TRI-CAS-1-52,Pintura
"Pincel Redondo Tigre 3""",Pincel Redondo profissional com cerdas de alta qualidade. Ideal para acabamentos perfeitos.,Pinceis,Pincel Redondo,Tigre,10.32,28,PIN-PIN-TIG-3-53,Pintura
"Trincha Atlas 4""",Trincha profissional com cerdas de alta qualidade. Ideal para acabamentos perfeitos.,Pinceis,Trincha,Atlas,25.65,66,PIN-TRI-ATL-4-54,Pintura
"Pincel Chato Condor 1.5""",Pincel Chato profissional com cerdas de alta qualidade. Ideal para acabamentos perfeitos.,Pinceis,Pincel Chato,Condor,14.89,97,PIN-PIN-CON-1.5-55,Pintura
"Trincha Atlas 2.5""",Trincha profissional com cerdas de alta qualidade. Ideal para acabamentos perfeitos.,Pinceis,Trincha,Atlas,31.31,60,PIN-TRI-ATL-2.5-56,Pintura
"Pincel Redondo Atlas 2""",Pincel Redondo profissional com cerdas de alta qualidade. Ideal para acabamentos perfeitos.,Pinceis,Pincel Redondo,Atlas,28.96,88,PIN-PIN-ATL-2-57,Pintura
"Pincel Redondo Roma 3""",Pincel Redondo profissional com cerdas de alta qualidade. Ideal para acabamentos perfeitos.,Pinceis,Pincel Redondo,Roma,17.88,83,PIN-PIN-ROM-3-58,Pintura
"Pincel Chato Castor 2.5""",Pincel Chato profissional com cerdas de alta qualidade. Ideal para acabamentos perfeitos.,Pinceis,Pincel Chato,Castor,30.05,44,PIN-PIN-CAS-2.5-59,Pintura
Rolo Anti-Gota Condor 9cm,Rolo de pintura anti-gota para acabamento profissional. Largura 9cm.,Rolos,Anti-Gota,Condor,53.86,62,ROL-ANT-CON-9-0,Pintura
Rolo Veludo Roma 15cm,Rolo de pintura veludo para acabamento profissional. Largura 15cm.,Rolos,Veludo,Roma,27.55,78,ROL-VEL-ROM-15-1,Pintura
Rolo Textura Castor 9cm,Rolo de pintura textura para acabamento profissional. Largura 9cm.,Rolos,Textura,Castor,42.45,79,ROL-TEX-CAS-9-2,Pintura
Rolo Textura Roma 15cm,Rolo de pintura textura para acabamento profissional. Largura 15cm.,Rolos,Textura,Roma,41.51,109,ROL-TEX-ROM-15-3,Pintura
Rolo Espuma Condor 9cm,Rolo de pintura espuma para acabamento profissional. Largura 9cm.,Rolos,Espuma,Condor,15.62,52,ROL-ESP-CON-9-4,Pintura
Rolo Anti-Gota Tigre 9cm,Rolo de pintura anti-gota para acabamento profissional. Largura 9cm.,Rolos,Anti-Gota,Tigre,34.94,68,ROL-ANT-TIG-9-5,Pintura
Rolo La de Carneiro Atlas 9cm,Rolo de pintura la de carneiro para acabamento profissional. Largura 9cm.,Rolos,La de Carneiro,Atlas,15.97,111,ROL-LA -ATL-9-6,Pintura
Rolo Espuma Condor 15cm,Rolo de pintura espuma para acabamento profissional. Largura 15cm.,Rolos,Espuma,Condor,43.75,73,ROL-ESP-CON-15-7,Pintura
Rolo Veludo Atlas 9cm,Rolo de pintura veludo para acabamento profissional. Largura 9cm.,Rolos,Veludo,Atlas,22.45,106,ROL-VEL-ATL-9-8,Pintura
Rolo La de Carneiro Condor 9cm,Rolo de pintura la de carneiro para acabamento profissional. Largura 9cm.,Rolos,La de Carneiro,Condor,42.52,97,ROL-LA -CON-9-9,Pintura
Rolo Anti-Gota Atlas 23cm,Rolo de pintura anti-gota para acabamento profissional. Largura 23cm.,Rolos,Anti-Gota,Atlas,53.2,72,ROL-ANT-ATL-23-10,Pintura
Rolo Textura Atlas 23cm,Rolo de pintura textura para acabamento profissional. Largura 23cm.,Rolos,Textura,Atlas,14.85,35,ROL-TEX-ATL-23-11,Pintura
Rolo Espuma Tigre 9cm,Rolo de pintura espuma para acabamento profissional. Largura 9cm.,Rolos,Espuma,Tigre,16.29,82,ROL-ESP-TIG-9-12,Pintura
Rolo La de Carneiro Condor 15cm,Rolo de pintura la de carneiro para acabamento profissional. Largura 15cm.,Rolos,La de Carneiro,Condor,25.41,56,ROL-LA -CON-15-13,Pintura
Rolo Textura Condor 23cm,Rolo de pintura textura para acabamento profissional. Largura 23cm.,Rolos,Textura,Condor,12.97,58,ROL-TEX-CON-23-14,Pintura
Rolo Anti-Gota Atlas 23cm,Rolo de pintura anti-gota para acabamento profissional. Largura 23cm.,Rolos,Anti-Gota,Atlas,15.09,67,ROL-ANT-ATL-23-15,Pintura
Rolo Textura Roma 9cm,Rolo de pintura textura para acabamento profissional. Largura 9cm.,Rolos,Textura,Roma,35.7,61,ROL-TEX-ROM-9-16,Pintura
Rolo Espuma Atlas 23cm,Rolo de pintura espuma para acabamento profissional. Largura 23cm.,Rolos,Espuma,Atlas,29.96,35,ROL-ESP-ATL-23-17,Pintura
Rolo La de Carneiro Castor 9cm,Rolo de pintura la de carneiro para acabamento profissional. Largura 9cm.,Rolos,La de Carneiro,Castor,29.04,62,ROL-LA -CAS-9-18,Pintura
Rolo La de Carneiro Atlas 23cm,Rolo de pintura la de carneiro para acabamento profissional. Largura 23cm.,Rolos,La de Carneiro,Atlas,38.35,91,ROL-LA -ATL-23-19,Pintura
Rolo Textura Tigre 23cm,Rolo de pintura textura para acabamento profissional. Largura 23cm.,Rolos,Textura,Tigre,22.54,33,ROL-TEX-TIG-23-20,Pintura
Rolo Textura Castor 23cm,Rolo de pintura textura para acabamento profissional. Largura 23cm.,Rolos,Textura,Castor,32.14,65,ROL-TEX-CAS-23-21,Pintura
Rolo Espuma Atlas 23cm,Rolo de pintura espuma para acabamento profissional. Largura 23cm.,Rolos,Espuma,Atlas,32.19,27,ROL-ESP-ATL-23-22,Pintura
Rolo Anti-Gota Condor 9cm,Rolo de pintura anti-gota para acabamento profissional. Largura 9cm.,Rolos,Anti-Gota,Condor,50.61,110,ROL-ANT-CON-9-23,Pintura
Rolo Espuma Roma 9cm,Rolo de pintura espuma para acabamento profissional. Largura 9cm.,Rolos,Espuma,Roma,19.03,116,ROL-ESP-ROM-9-24,Pintura
Rolo Anti-Gota Condor 9cm,Rolo de pintura anti-gota para acabamento profissional. Largura 9cm.,Rolos,Anti-Gota,Condor,18.82,119,ROL-ANT-CON-9-25,Pintura
Rolo La de Carneiro Roma 23cm,Rolo de pintura la de carneiro para acabamento profissional. Largura 23cm.,Rolos,La de Carneiro,Roma,18.14,72,ROL-LA -ROM-23-26,Pintura
Rolo Veludo Roma 9cm,Rolo de pintura veludo para acabamento profissional. Largura 9cm.,Rolos,Veludo,Roma,30.45,73,ROL-VEL-ROM-9-27,Pintura
Rolo Anti-Gota Roma 15cm,Rolo de pintura anti-gota para acabamento profissional. Largura 15cm.,Rolos,Anti-Gota,Roma,27.6,47,ROL-ANT-ROM-15-28,Pintura
Rolo La de Carneiro Condor 15cm,Rolo de pintura la de carneiro para acabamento profissional. Largura 15cm.,Rolos,La de Carneiro,Condor,53.63,117,ROL-LA -CON-15-29,Pintura
Rolo Veludo Roma 9cm,Rolo de pintura veludo para acabamento profissional. Largura 9cm.,Rolos,Veludo,Roma,14.61,106,ROL-VEL-ROM-9-30,Pintura
Rolo Anti-Gota Castor 15cm,Rolo de pintura anti-gota para acabamento profissional. Largura 15cm.,Rolos,Anti-Gota,Castor,49.41,97,ROL-ANT-CAS-15-31,Pintura
Rolo Anti-Gota Roma 15cm,Rolo de pintura anti-gota para acabamento profissional. Largura 15cm.,Rolos,Anti-Gota,Roma,46.06,72,ROL-ANT-ROM-15-32,Pintura
Rolo Anti-Gota Condor 9cm,Rolo de pintura anti-gota para acabamento profissional. Largura 9cm.,Rolos,Anti-Gota,Condor,34.36,113,ROL-ANT-CON-9-33,Pintura
Rolo Espuma Tigre 23cm,Rolo de pintura espuma para acabamento profissional. Largura 23cm.,Rolos,Espuma,Tigre,12.2,103,ROL-ESP-TIG-23-34,Pintura
Rolo Textura Atlas 15cm,Rolo de pintura textura para acabamento profissional. Largura 15cm.,Rolos,Textura,Atlas,47.78,89,ROL-TEX-ATL-15-35,Pintura
Rolo Veludo Condor 9cm,Rolo de pintura veludo para acabamento profissional. Largura 9cm.,Rolos,Veludo,Condor,51.25,69,ROL-VEL-CON-9-36,Pintura
Rolo Textura Tigre 23cm,Rolo de pintura textura para acabamento profissional. Largura 23cm.,Rolos,Textura,Tigre,36.67,51,ROL-TEX-TIG-23-37,Pintura
Rolo Veludo Atlas 9cm,Rolo de pintura veludo para acabamento profissional. Largura 9cm.,Rolos,Veludo,Atlas,51.62,34,ROL-VEL-ATL-9-38,Pintura
Rolo Veludo Roma 15cm,Rolo de pintura veludo para acabamento profissional. Largura 15cm.,Rolos,Veludo,Roma,52.01,52,ROL-VEL-ROM-15-39,Pintura
Rolo Espuma Roma 15cm,Rolo de pintura espuma para acabamento profissional. Largura 15cm.,Rolos,Espuma,Roma,33.53,33,ROL-ESP-ROM-15-40,Pintura
Rolo Espuma Tigre 9cm,Rolo de pintura espuma para acabamento profissional. Largura 9cm.,Rolos,Espuma,Tigre,18.28,73,ROL-ESP-TIG-9-41,Pintura
Rolo La de Carneiro Castor 23cm,Rolo de pintura la de carneiro para acabamento profissional. Largura 23cm.,Rolos,La de Carneiro,Castor,37.5,50,ROL-LA -CAS-23-42,Pintura
Rolo Anti-Gota Condor 15cm,Rolo de pintura anti-gota para acabamento profissional. Largura 15cm.,Rolos,Anti-Gota,Condor,35.33,83,ROL-ANT-CON-15-43,Pintura
Rolo La de Carneiro Tigre 23cm,Rolo de pintura la de carneiro para acabamento profissional. Largura 23cm.,Rolos,La de Carneiro,Tigre,48.12,114,ROL-LA -TIG-23-44,Pintura
Rolo Textura Roma 15cm,Rolo de pintura textura para acabamento profissional. Largura 15cm.,Rolos,Textura,Roma,48.59,120,ROL-TEX-ROM-15-45,Pintura
Rolo Textura Roma 23cm,Rolo de pintura textura para acabamento profissional. Largura 23cm.,Rolos,Textura,Roma,24.44,66,ROL-TEX-ROM-23-46,Pintura
Rolo Veludo Castor 9cm,Rolo de pintura veludo para acabamento profissional. Largura 9cm.,Rolos,Veludo,Castor,38.04,113,ROL-VEL-CAS-9-47,Pintura
Rolo La de Carneiro Castor 15cm,Rolo de pintura la de carneiro para acabamento profissional. Largura 15cm.,Rolos,La de Carneiro,Castor,48.61,41,ROL-LA -CAS-15-48,Pintura
Rolo Espuma Atlas 15cm,Rolo de pintura espuma para acabamento profissional. Largura 15cm.,Rolos,Espuma,Atlas,30.45,34,ROL-ESP-ATL-15-49,Pintura
Rolo Espuma Castor 15cm,Rolo de pintura espuma para acabamento profissional. Largura 15cm.,Rolos,Espuma,Castor,51.89,36,ROL-ESP-CAS-15-50,Pintura
Rolo Anti-Gota Tigre 9cm,Rolo de pintura anti-gota para acabamento profissional. Largura 9cm.,Rolos,Anti-Gota,Tigre,52.81,31,ROL-ANT-TIG-9-51,Pintura
Rolo Veludo Condor 23cm,Rolo de pintura veludo para acabamento profissional. Largura 23cm.,Rolos,Veludo,Condor,30.76,102,ROL-VEL-CON-23-52,Pintura
Rolo Espuma Roma 23cm,Rolo de pintura espuma para acabamento profissional. Largura 23cm.,Rolos,Espuma,Roma,38.16,119,ROL-ESP-ROM-23-53,Pintura
Rolo Anti-Gota Castor 9cm,Rolo de pintura anti-gota para acabamento profissional. Largura 9cm.,Rolos,Anti-Gota,Castor,21.32,72,ROL-ANT-CAS-9-54,Pintura
Rolo Textura Condor 9cm,Rolo de pintura textura para acabamento profissional. Largura 9cm.,Rolos,Textura,Condor,44.56,36,ROL-TEX-CON-9-55,Pintura
Rolo Espuma Castor 15cm,Rolo de pintura espuma para acabamento profissional. Largura 15cm.,Rolos,Espuma,Castor,34.61,85,ROL-ESP-CAS-15-56,Pintura
Rolo Anti-Gota Condor 9cm,Rolo de pintura anti-gota para acabamento profissional. Largura 9cm.,Rolos,Anti-Gota,Condor,19.71,45,ROL-ANT-CON-9-57,Pintura
Rolo Anti-Gota Tigre 9cm,Rolo de pintura anti-gota para acabamento profissional. Largura 9cm.,Rolos,Anti-Gota,Tigre,48.46,79,ROL-ANT-TIG-9-58,Pintura
Rolo Veludo Atlas 23cm,Rolo de pintura veludo para acabamento profissional. Largura 23cm.,Rolos,Veludo,Atlas,50.8,102,ROL-VEL-ATL-23-59,Pintura
Bandeja para Pintura Castor Grande,Bandeja plastica para pintura tamanho grande.,Acessorios,Bandejas,Castor,17.79,91,BAND-CAS-GRA-0,Pintura
Bandeja para Pintura Condor Grande,Bandeja plastica para pintura tamanho grande.,Acessorios,Bandejas,Condor,8.53,98,BAND-CON-GRA-1,Pintura
Bandeja para Pintura Condor Pequena,Bandeja plastica para pintura tamanho pequena.,Acessorios,Bandejas,Condor,10.69,51,BAND-CON-PEQ-2,Pintura
Bandeja para Pintura Castor Media,Bandeja plastica para pintura tamanho media.,Acessorios,Bandejas,Castor,22.27,89,BAND-CAS-MED-3,Pintura
Bandeja para Pintura Roma Media,Bandeja plastica para pintura tamanho media.,Acessorios,Bandejas,Roma,22.37,97,BAND-ROM-MED-4,Pintura
Bandeja para Pintura Tigre Grande,Bandeja plastica para pintura tamanho grande.,Acessorios,Bandejas,Tigre,11.76,74,BAND-TIG-GRA-5,Pintura
Bandeja para Pintura Condor Pequena,Bandeja plastica para pintura tamanho pequena.,Acessorios,Bandejas,Condor,10.92,90,BAND-CON-PEQ-6,Pintura
Bandeja para Pintura Atlas Grande,Bandeja plastica para pintura tamanho grande.,Acessorios,Bandejas,Atlas,12.43,64,BAND-ATL-GRA-7,Pintura
Bandeja para Pintura Roma Pequena,Bandeja plastica para pintura tamanho pequena.,Acessorios,Bandejas,Roma,24.58,58,BAND-ROM-PEQ-8,Pintura
Bandeja para Pintura Condor Grande,Bandeja plastica para pintura tamanho grande.,Acessorios,Bandejas,Condor,18.18,60,BAND-CON-GRA-9,Pintura
Bandeja para Pintura Atlas Grande,Bandeja plastica para pintura tamanho grande.,Acessorios,Bandejas,Atlas,24.16,82,BAND-ATL-GRA-10,Pintura
Bandeja para Pintura Atlas Grande,Bandeja plastica para pintura tamanho grande.,Acessorios,Bandejas,Atlas,23.77,66,BAND-ATL-GRA-11,Pintura
Bandeja para Pintura Condor Grande,Bandeja plastica para pintura tamanho grande.,Acessorios,Bandejas,Condor,21.8,88,BAND-CON-GRA-12,Pintura
Bandeja para Pintura Condor Grande,Bandeja plastica para pintura tamanho grande.,Acessorios,Bandejas,Condor,19.2,63,BAND-CON-GRA-13,Pintura
Bandeja para Pintura Roma Media,Bandeja plastica para pintura tamanho media.,Acessorios,Bandejas,Roma,10.95,62,BAND-ROM-MED-14,Pintura
Bandeja para Pintura Castor Grande,Bandeja plastica para pintura tamanho grande.,Acessorios,Bandejas,Castor,16.71,33,BAND-CAS-GRA-15,Pintura
Bandeja para Pintura Condor Pequena,Bandeja plastica para pintura tamanho pequena.,Acessorios,Bandejas,Condor,12.48,46,BAND-CON-PEQ-16,Pintura
Cabo Extensor Tigre 2m,Cabo extensor de aluminio 2m para pintura em alturas.,Acessorios,Extensores,Tigre,50.98,22,EXT-TIG-2-0,Pintura
Cabo Extensor Castor 1.2m,Cabo extensor de aluminio 1.2m para pintura em alturas.,Acessorios,Extensores,Castor,34.9,34,EXT-CAS-12-1,Pintura
Cabo Extensor Castor 1.2m,Cabo extensor de aluminio 1.2m para pintura em alturas.,Acessorios,Extensores,Castor,42.55,43,EXT-CAS-12-2,Pintura
Cabo Extensor Condor 3m,Cabo extensor de aluminio 3m para pintura em alturas.,Acessorios,Extensores,Condor,42.65,34,EXT-CON-3-3,Pintura
Cabo Extensor Castor 1.2m,Cabo extensor de aluminio 1.2m para pintura em alturas.,Acessorios,Extensores,Castor,35.61,22,EXT-CAS-12-4,Pintura
Cabo Extensor Tigre 3m,Cabo extensor de aluminio 3m para pintura em alturas.,Acessorios,Extensores,Tigre,40.84,32,EXT-TIG-3-5,Pintura
Cabo Extensor Atlas 3m,Cabo extensor de aluminio 3m para pintura em alturas.,Acessorios,Extensores,Atlas,44.37,15,EXT-ATL-3-6,Pintura
Cabo Extensor Condor 3m,Cabo extensor de aluminio 3m para pintura em alturas.,Acessorios,Extensores,Condor,46.42,35,EXT-CON-3-7,Pintura
Cabo Extensor Roma 3m,Cabo extensor de aluminio 3m para pintura em alturas.,Acessorios,Extensores,Roma,47.71,37,EXT-ROM-3-8,Pintura
Cabo Extensor Condor 1.2m,Cabo extensor de aluminio 1.2m para pintura em alturas.,Acessorios,Extensores,Condor,63.44,43,EXT-CON-12-9,Pintura
Cabo Extensor Castor 3m,Cabo extensor de aluminio 3m para pintura em alturas.,Acessorios,Extensores,Castor,63.23,40,EXT-CAS-3-10,Pintura
Cabo Extensor Atlas 1.2m,Cabo extensor de aluminio 1.2m para pintura em alturas.,Acessorios,Extensores,Atlas,61.83,22,EXT-ATL-12-11,Pintura
Cabo Extensor Roma 3m,Cabo extensor de aluminio 3m para pintura em alturas.,Acessorios,Extensores,Roma,58.93,32,EXT-ROM-3-12,Pintura
Cabo Extensor Condor 3m,Cabo extensor de aluminio 3m para pintura em alturas.,Acessorios,Extensores,Condor,44.65,46,EXT-CON-3-13,Pintura
Cabo Extensor Tigre 2m,Cabo extensor de aluminio 2m para pintura em alturas.,Acessorios,Extensores,Tigre,53.56,20,EXT-TIG-2-14,Pintura
Cabo Extensor Condor 1.2m,Cabo extensor de aluminio 1.2m para pintura em alturas.,Acessorios,Extensores,Condor,43.62,40,EXT-CON-12-15,Pintura
Cabo Extensor Castor 1.2m,Cabo extensor de aluminio 1.2m para pintura em alturas.,Acessorios,Extensores,Castor,61.91,49,EXT-CAS-12-16,Pintura
Espatula de Aco Condor 4cm,Espatula de aco inox flexivel 4cm. Para aplicacao de massa.,Acessorios,Espatulas,Condor,22.43,28,ESP-CON-4-0,Preparacao
Espatula de Aco Atlas 15cm,Espatula de aco inox flexivel 15cm. Para aplicacao de massa.,Acessorios,Espatulas,Atlas,20.32,63,ESP-ATL-15-1,Preparacao
Espatula de Aco Atlas 6cm,Espatula de aco inox flexivel 6cm. Para aplicacao de massa.,Acessorios,Espatulas,Atlas,16.38,44,ESP-ATL-6-2,Preparacao
Espatula de Aco Tigre 4cm,Espatula de aco inox flexivel 4cm. Para aplicacao de massa.,Acessorios,Espatulas,Tigre,34.4,25,ESP-TIG-4-3,Preparacao
Espatula de Aco Condor 4cm,Espatula de aco inox flexivel 4cm. Para aplicacao de massa.,Acessorios,Espatulas,Condor,24.28,48,ESP-CON-4-4,Preparacao
Espatula de Aco Condor 10cm,Espatula de aco inox flexivel 10cm. Para aplicacao de massa.,Acessorios,Espatulas,Condor,20.09,53,ESP-CON-10-5,Preparacao
Espatula de Aco Atlas 15cm,Espatula de aco inox flexivel 15cm. Para aplicacao de massa.,Acessorios,Espatulas,Atlas,13.16,69,ESP-ATL-15-6,Preparacao
Espatula de Aco Castor 8cm,Espatula de aco inox flexivel 8cm. Para aplicacao de massa.,Acessorios,Espatulas,Castor,27.92,80,ESP-CAS-8-7,Preparacao
Espatula de Aco Roma 10cm,Espatula de aco inox flexivel 10cm. Para aplicacao de massa.,Acessorios,Espatulas,Roma,12.59,34,ESP-ROM-10-8,Preparacao
Espatula de Aco Atlas 10cm,Espatula de aco inox flexivel 10cm. Para aplicacao de massa.,Acessorios,Espatulas,Atlas,14.92,62,ESP-ATL-10-9,Preparacao
Espatula de Aco Atlas 10cm,Espatula de aco inox flexivel 10cm. Para aplicacao de massa.,Acessorios,Espatulas,Atlas,34.17,32,ESP-ATL-10-10,Preparacao
Espatula de Aco Condor 15cm,Espatula de aco inox flexivel 15cm. Para aplicacao de massa.,Acessorios,Espatulas,Condor,23.81,54,ESP-CON-15-11,Preparacao
Espatula de Aco Tigre 6cm,Espatula de aco inox flexivel 6cm. Para aplicacao de massa.,Acessorios,Espatulas,Tigre,13.66,58,ESP-TIG-6-12,Preparacao
Espatula de Aco Tigre 4cm,Espatula de aco inox flexivel 4cm. Para aplicacao de massa.,Acessorios,Espatulas,Tigre,16.64,75,ESP-TIG-4-13,Preparacao
Espatula de Aco Castor 6cm,Espatula de aco inox flexivel 6cm. Para aplicacao de massa.,Acessorios,Espatulas,Castor,14.78,64,ESP-CAS-6-14,Preparacao
Espatula de Aco Tigre 15cm,Espatula de aco inox flexivel 15cm. Para aplicacao de massa.,Acessorios,Espatulas,Tigre,16.6,44,ESP-TIG-15-15,Preparacao
Espatula de Aco Castor 15cm,Espatula de aco inox flexivel 15cm. Para aplicacao de massa.,Acessorios,Espatulas,Castor,12.57,33,ESP-CAS-15-16,Preparacao
Lixa para Parede Grana 80 (Pacote 10un),Lixa d'agua grana 80 para lixamento de paredes.,Acessorios,Lixas,Norton,12.1,200,LIXA-PAC-80-0,Preparacao
Fita Crepe 3M 24mm x 50m,Fita crepe para demarcacao. Largura 24mm.,Acessorios,Fitas,3M,11.48,132,FCREPE-3M-24-1,Protecao
Lixa para Parede Grana 220 (Pacote 10un),Lixa d'agua grana 220 para lixamento de paredes.,Acessorios,Lixas,Norton,14.45,57,LIXA-PAC-220-2,Preparacao
Fita Crepe Tectape 24mm x 50m,Fita crepe para demarcacao. Largura 24mm.,Acessorios,Fitas,Tectape,24.0,96,FCREPE-TEC-24-3,Protecao
Lixa para Parede Grana 220 (Pacote 10un),Lixa d'agua grana 220 para lixamento de paredes.,Acessorios,Lixas,Norton,19.63,187,LIXA-PAC-220-4,Preparacao
Fita Crepe 3M 18mm x 50m,Fita crepe para demarcacao. Largura 18mm.,Acessorios,Fitas,3M,8.31,168,FCREPE-3M-18-5,Protecao
Lixa para Parede Grana 120 (Pacote 10un),Lixa d'agua grana 120 para lixamento de paredes.,Acessorios,Lixas,Norton,24.34,63,LIXA-PAC-120-6,Preparacao
Fita Crepe 3M 48mm x 50m,Fita crepe para demarcacao. Largura 48mm.,Acessorios,Fitas,3M,22.58,74,FCREPE-3M-48-7,Protecao
Lixa para Parede Grana 150 (Pacote 10un),Lixa d'agua grana 150 para lixamento de paredes.,Acessorios,Lixas,Norton,13.88,165,LIXA-PAC-150-8,Preparacao
Fita Crepe Adere 18mm x 50m,Fita crepe para demarcacao. Largura 18mm.,Acessorios,Fitas,Adere,23.18,98,FCREPE-ADE-18-9,Protecao
Lixa para Parede Grana 220 (Pacote 10un),Lixa d'agua grana 220 para lixamento de paredes.,Acessorios,Lixas,Norton,17.16,89,LIXA-PAC-220-10,Preparacao
Fita Crepe Tectape 48mm x 50m,Fita crepe para demarcacao. Largura 48mm.,Acessorios,Fitas,Tectape,15.55,58,FCREPE-TEC-48-11,Protecao
Lixa para Parede Grana 100 (Pacote 10un),Lixa d'agua grana 100 para lixamento de paredes.,Acessorios,Lixas,Norton,21.41,136,LIXA-PAC-100-12,Preparacao
Fita Crepe Adere 24mm x 50m,Fita crepe para demarcacao. Largura 24mm.,Acessorios,Fitas,Adere,19.42,175,FCREPE-ADE-24-13,Protecao
Lixa para Parede Grana 80 (Pacote 10un),Lixa d'agua grana 80 para lixamento de paredes.,Acessorios,Lixas,Norton,24.55,99,LIXA-PAC-80-14,Preparacao
Fita Crepe 3M 48mm x 50m,Fita crepe para demarcacao. Largura 48mm.,Acessorios,Fitas,3M,12.26,116,FCREPE-3M-48-15,Protecao
Lixa para Parede Grana 120 (Pacote 10un),Lixa d'agua grana 120 para lixamento de paredes.,Acessorios,Lixas,Norton,18.51,144,LIXA-PAC-120-16,Preparacao
Selador Acrilico Lukscolor 3.6L,Selador acrilico para paredes novas e repinturas. Uniformiza absorcao.,Seladores,Selador Acrilico,Lukscolor,49.8,21,SELAC-LUK-36L-0,Paredes
Selador Acrilico Lukscolor 3.6L,Selador acrilico para paredes novas e repinturas. Uniformiza absorcao.,Seladores,Selador Acrilico,Lukscolor,39.99,36,SELAC-LUK-36L-1,Paredes
Selador Acrilico Lukscolor 18L,Selador acrilico para paredes novas e repinturas. Uniformiza absorcao.,Seladores,Selador Acrilico,Lukscolor,172.63,35,SELAC-LUK-18L-2,Paredes
Selador Acrilico Suvinil 3.6L,Selador acrilico para paredes novas e repinturas. Uniformiza absorcao.,Seladores,Selador Acrilico,Suvinil,41.97,44,SELAC-SUV-36L-3,Paredes
Selador Acrilico Sherwin-Williams 3.6L,Selador acrilico para paredes novas e repinturas. Uniformiza absorcao.,Seladores,Selador Acrilico,Sherwin-Williams,41.73,41,SELAC-SHE-36L-4,Paredes
Selador Acrilico Lukscolor 3.6L,Selador acrilico para paredes novas e repinturas. Uniformiza absorcao.,Seladores,Selador Acrilico,Lukscolor,44.21,35,SELAC-LUK-36L-5,Paredes
Selador Acrilico Lukscolor 3.6L,Selador acrilico para paredes novas e repinturas. Uniformiza absorcao.,Seladores,Selador Acrilico,Lukscolor,38.61,33,SELAC-LUK-36L-6,Paredes
Selador Acrilico Eucatex 3.6L,Selador acrilico para paredes novas e repinturas. Uniformiza absorcao.,Seladores,Selador Acrilico,Eucatex,51.42,77,SELAC-EUC-36L-7,Paredes
Selador Acrilico Coral 18L,Selador acrilico para paredes novas e repinturas. Uniformiza absorcao.,Seladores,Selador Acrilico,Coral,195.4,34,SELAC-COR-18L-8,Paredes
Selador Acrilico Coral 3.6L,Selador acrilico para paredes novas e repinturas. Uniformiza absorcao.,Seladores,Selador Acrilico,Coral,48.08,56,SELAC-COR-36L-9,Paredes
Selador Acrilico Suvinil 18L,Selador acrilico para paredes novas e repinturas. Uniformiza absorcao.,Seladores,Selador Acrilico,Suvinil,196.33,36,SELAC-SUV-18L-10,Paredes
Selador Acrilico Suvinil 18L,Selador acrilico para paredes novas e repinturas. Uniformiza absorcao.,Seladores,Selador Acrilico,Suvinil,243.52,53,SELAC-SUV-18L-11,Paredes
Selador Acrilico Coral 18L,Selador acrilico para paredes novas e repinturas. Uniformiza absorcao.,Seladores,Selador Acrilico,Coral,223.99,53,SELAC-COR-18L-12,Paredes
Selador Acrilico Lukscolor 18L,Selador acrilico para paredes novas e repinturas. Uniformiza absorcao.,Seladores,Selador Acrilico,Lukscolor,200.87,80,SELAC-LUK-18L-13,Paredes
Selador Acrilico Sherwin-Williams 3.6L,Selador acrilico para paredes novas e repinturas. Uniformiza absorcao.,Seladores,Selador Acrilico,Sherwin-Williams,45.99,39,SELAC-SHE-36L-14,Paredes
Selador Acrilico Suvinil 3.6L,Selador acrilico para paredes novas e repinturas. Uniformiza absorcao.,Seladores,Selador Acrilico,Suvinil,40.98,54,SELAC-SUV-36L-15,Paredes
Selador Acrilico Coral 3.6L,Selador acrilico para paredes novas e repinturas. Uniformiza absorcao.,Seladores,Selador Acrilico,Coral,37.58,73,SELAC-COR-36L-16,Paredes
Selador Acrilico Eucatex 18L,Selador acrilico para paredes novas e repinturas. Uniformiza absorcao.,Seladores,Selador Acrilico,Eucatex,193.19,38,SELAC-EUC-18L-17,Paredes
Selador Acrilico Lukscolor 18L,Selador acrilico para paredes novas e repinturas. Uniformiza absorcao.,Seladores,Selador Acrilico,Lukscolor,161.48,80,SELAC-LUK-18L-18,Paredes
Selador Acrilico Sherwin-Williams 3.6L,Selador acrilico para paredes novas e repinturas. Uniformiza absorcao.,Seladores,Selador Acrilico,Sherwin-Williams,37.43,23,SELAC-SHE-36L-19,Paredes
Selador Acrilico Sherwin-Williams 3.6L,Selador acrilico para paredes novas e repinturas. Uniformiza absorcao.,Seladores,Selador Acrilico,Sherwin-Williams,42.63,47,SELAC-SHE-36L-20,Paredes
Selador Acrilico Sherwin-Williams 18L,Selador acrilico para paredes novas e repinturas. Uniformiza absorcao.,Seladores,Selador Acrilico,Sherwin-Williams,215.96,30,SELAC-SHE-18L-21,Paredes
Selador Acrilico Sherwin-Williams 3.6L,Selador acrilico para paredes novas e repinturas. Uniformiza absorcao.,Seladores,Selador Acrilico,Sherwin-Williams,46.32,24,SELAC-SHE-36L-22,Paredes
Selador Acrilico Suvinil 3.6L,Selador acrilico para paredes novas e repinturas. Uniformiza absorcao.,Seladores,Selador Acrilico,Suvinil,42.5,65,SELAC-SUV-36L-23,Paredes
Selador Acrilico Suvinil 18L,Selador acrilico para paredes novas e repinturas. Uniformiza absorcao.,Seladores,Selador Acrilico,Suvinil,243.95,44,SELAC-SUV-18L-24,Paredes
Selador Acrilico Lukscolor 18L,Selador acrilico para paredes novas e repinturas. Uniformiza absorcao.,Seladores,Selador Acrilico,Lukscolor,192.04,52,SELAC-LUK-18L-25,Paredes
Selador Acrilico Sherwin-Williams 18L,Selador acrilico para paredes novas e repinturas. Uniformiza absorcao.,Seladores,Selador Acrilico,Sherwin-Williams,242.91,24,SELAC-SHE-18L-26,Paredes
Selador Acrilico Eucatex 3.6L,Selador acrilico para paredes novas e repinturas. Uniformiza absorcao.,Seladores,Selador Acrilico,Eucatex,46.85,54,SELAC-EUC-36L-27,Paredes
Selador Acrilico Sherwin-Williams 18L,Selador acrilico para paredes novas e repinturas. Uniformiza absorcao.,Seladores,Selador Acrilico,Sherwin-Williams,188.1,74,SELAC-SHE-18L-28,Paredes
Selador Acrilico Coral 18L,Selador acrilico para paredes novas e repinturas. Uniformiza absorcao.,Seladores,Selador Acrilico,Coral,225.19,75,SELAC-COR-18L-29,Paredes
Primer Anticorrosivo Sherwin-Williams Cinza 900ml,Primer anticorrosivo para metais. Cor cinza. Protege contra ferrugem.,Primers,Primer Anticorrosivo,Sherwin-Williams,50.7,46,PRANT-SHE-CIN-0,Metal
Primer Anticorrosivo Sherwin-Williams Cinza 900ml,Primer anticorrosivo para metais. Cor cinza. Protege contra ferrugem.,Primers,Primer Anticorrosivo,Sherwin-Williams,51.67,17,PRANT-SHE-CIN-1,Metal
Primer Anticorrosivo Suvinil Vermelho Oxido 3.6L,Primer anticorrosivo para metais. Cor vermelho oxido. Protege contra ferrugem.,Primers,Primer Anticorrosivo,Suvinil,185.86,22,PRANT-SUV-VER-2,Metal
Primer Anticorrosivo Sherwin-Williams Cinza 3.6L,Primer anticorrosivo para metais. Cor cinza. Protege contra ferrugem.,Primers,Primer Anticorrosivo,Sherwin-Williams,156.72,33,PRANT-SHE-CIN-3,Metal
Primer Anticorrosivo Suvinil Branco 3.6L,Primer anticorrosivo para metais. Cor branco. Protege contra ferrugem.,Primers,Primer Anticorrosivo,Suvinil,175.58,17,PRANT-SUV-BRA-4,Metal
Primer Anticorrosivo Lukscolor Branco 3.6L,Primer anticorrosivo para metais. Cor branco. Protege contra ferrugem.,Primers,Primer Anticorrosivo,Lukscolor,152.87,44,PRANT-LUK-BRA-5,Metal
Primer Anticorrosivo Suvinil Branco 3.6L,Primer anticorrosivo para metais. Cor branco. Protege contra ferrugem.,Primers,Primer Anticorrosivo,Suvinil,181.92,19,PRANT-SUV-BRA-6,Metal
Primer Anticorrosivo Lukscolor Cinza 900ml,Primer anticorrosivo para metais. Cor cinza. Protege contra ferrugem.,Primers,Primer Anticorrosivo,Lukscolor,52.87,25,PRANT-LUK-CIN-7,Metal
Primer Anticorrosivo Coral Cinza 900ml,Primer anticorrosivo para metais. Cor cinza. Protege contra ferrugem.,Primers,Primer Anticorrosivo,Coral,44.63,16,PRANT-COR-CIN-8,Metal
Primer Anticorrosivo Lukscolor Cinza 900ml,Primer anticorrosivo para metais. Cor cinza. Protege contra ferrugem.,Primers,Primer Anticorrosivo,Lukscolor,49.17,38,PRANT-LUK-CIN-9,Metal
Primer Anticorrosivo Coral Cinza 900ml,Primer anticorrosivo para metais. Cor cinza. Protege contra ferrugem.,Primers,Primer Anticorrosivo,Coral,39.05,45,PRANT-COR-CIN-10,Metal
Primer Anticorrosivo Coral Cinza 3.6L,Primer anticorrosivo para metais. Cor cinza. Protege contra ferrugem.,Primers,Primer Anticorrosivo,Coral,198.06,48,PRANT-COR-CIN-11,Metal
Primer Anticorrosivo Coral Cinza 900ml,Primer anticorrosivo para metais. Cor cinza. Protege contra ferrugem.,Primers,Primer Anticorrosivo,Coral,56.56,29,PRANT-COR-CIN-12,Metal
Primer Anticorrosivo Suvinil Vermelho Oxido 900ml,Primer anticorrosivo para metais. Cor vermelho oxido. Protege contra ferrugem.,Primers,Primer Anticorrosivo,Suvinil,44.72,22,PRANT-SUV-VER-13,Metal
Primer Anticorrosivo Suvinil Branco 900ml,Primer anticorrosivo para metais. Cor branco. Protege contra ferrugem.,Primers,Primer Anticorrosivo,Suvinil,48.59,35,PRANT-SUV-BRA-14,Metal
Primer Anticorrosivo Lukscolor Cinza 3.6L,Primer anticorrosivo para metais. Cor cinza. Protege contra ferrugem.,Primers,Primer Anticorrosivo,Lukscolor,155.32,23,PRANT-LUK-CIN-15,Metal
Primer Anticorrosivo Suvinil Cinza 900ml,Primer anticorrosivo para metais. Cor cinza. Protege contra ferrugem.,Primers,Primer Anticorrosivo,Suvinil,39.07,26,PRANT-SUV-CIN-16,Metal
Primer Anticorrosivo Lukscolor Branco 900ml,Primer anticorrosivo para metais. Cor branco. Protege contra ferrugem.,Primers,Primer Anticorrosivo,Lukscolor,42.95,37,PRANT-LUK-BRA-17,Metal
Primer Anticorrosivo Coral Cinza 900ml,Primer anticorrosivo para metais. Cor cinza. Protege contra ferrugem.,Primers,Primer Anticorrosivo,Coral,47.38,42,PRANT-COR-CIN-18,Metal
Primer Anticorrosivo Lukscolor Vermelho Oxido 900ml,Primer anticorrosivo para metais. Cor vermelho oxido. Protege contra ferrugem.,Primers,Primer Anticorrosivo,Lukscolor,46.93,47,PRANT-LUK-VER-19,Metal
Primer Anticorrosivo Coral Cinza 900ml,Primer anticorrosivo para metais. Cor cinza. Protege contra ferrugem.,Primers,Primer Anticorrosivo,Coral,53.97,22,PRANT-COR-CIN-20,Metal
Primer Anticorrosivo Sherwin-Williams Branco 3.6L,Primer anticorrosivo para metais. Cor branco. Protege contra ferrugem.,Primers,Primer Anticorrosivo,Sherwin-Williams,154.71,42,PRANT-SHE-BRA-21,Metal
Primer Anticorrosivo Sherwin-Williams Cinza 900ml,Primer anticorrosivo para metais. Cor cinza. Protege contra ferrugem.,Primers,Primer Anticorrosivo,Sherwin-Williams,56.41,21,PRANT-SHE-CIN-22,Metal
Primer Anticorrosivo Coral Cinza 900ml,Primer anticorrosivo para metais. Cor cinza. Protege contra ferrugem.,Primers,Primer Anticorrosivo,Coral,54.36,21,PRANT-COR-CIN-23,Metal
Primer Anticorrosivo Sherwin-Williams Vermelho Oxido 3.6L,Primer anticorrosivo para metais. Cor vermelho oxido. Protege contra ferrugem.,Primers,Primer Anticorrosivo,Sherwin-Williams,150.22,37,PRANT-SHE-VER-24,Metal
Primer Anticorrosivo Sherwin-Williams Vermelho Oxido 3.6L,Primer anticorrosivo para metais. Cor vermelho oxido. Protege contra ferrugem.,Primers,Primer Anticorrosivo,Sherwin-Williams,165.8,19,PRANT-SHE-VER-25,Metal
Primer Anticorrosivo Suvinil Branco 3.6L,Primer anticorrosivo para metais. Cor branco. Protege contra ferrugem.,Primers,Primer Anticorrosivo,Suvinil,174.54,15,PRANT-SUV-BRA-26,Metal
Primer Anticorrosivo Coral Cinza 900ml,Primer anticorrosivo para metais. Cor cinza. Protege contra ferrugem.,Primers,Primer Anticorrosivo,Coral,45.57,47,PRANT-COR-CIN-27,Metal
Primer Anticorrosivo Suvinil Vermelho Oxido 900ml,Primer anticorrosivo para metais. Cor vermelho oxido. Protege contra ferrugem.,Primers,Primer Anticorrosivo,Suvinil,57.89,34,PRANT-SUV-VER-28,Metal
Primer Anticorrosivo Suvinil Vermelho Oxido 900ml,Primer anticorrosivo para metais. Cor vermelho oxido. Protege contra ferrugem.,Primers,Primer Anticorrosivo,Suvinil,39.03,15,PRANT-SUV-VER-29,Metal
Impermeabilizante Acrilico Lukscolor 3.6L,"Impermeabilizante Acrilico para protecao de lajes, muros e areas umidas.",Impermeabilizantes,Impermeabilizante Acrilico,Lukscolor,65.0,37,IMP-IMPE-LUK-0,Lajes e Muros
Veda Trinca Sherwin-Williams 18L,"Veda Trinca para protecao de lajes, muros e areas umidas.",Impermeabilizantes,Veda Trinca,Sherwin-Williams,202.5,22,IMP-VEDA-SHE-1,Lajes e Muros
Impermeabilizante Acrilico Sherwin-Williams 18L,"Impermeabilizante Acrilico para protecao de lajes, muros e areas umidas.",Impermeabilizantes,Impermeabilizante Acrilico,Sherwin-Williams,292.5,34,IMP-IMPE-SHE-2,Lajes e Muros
Impermeabilizante Acrilico Lukscolor 18L,"Impermeabilizante Acrilico para protecao de lajes, muros e areas umidas.",Impermeabilizantes,Impermeabilizante Acrilico,Lukscolor,292.5,20,IMP-IMPE-LUK-3,Lajes e Muros
Impermeabilizante Acrilico Coral 3.6L,"Impermeabilizante Acrilico para protecao de lajes, muros e areas umidas.",Impermeabilizantes,Impermeabilizante Acrilico,Coral,65.0,28,IMP-IMPE-COR-4,Lajes e Muros
Manta Liquida Suvinil 18L,"Manta Liquida para protecao de lajes, muros e areas umidas.",Impermeabilizantes,Manta Liquida,Suvinil,382.5,38,IMP-MANT-SUV-5,Lajes e Muros
Veda Trinca Sherwin-Williams 18L,"Veda Trinca para protecao de lajes, muros e areas umidas.",Impermeabilizantes,Veda Trinca,Sherwin-Williams,202.5,10,IMP-VEDA-SHE-6,Lajes e Muros
Manta Liquida Sherwin-Williams 18L,"Manta Liquida para protecao de lajes, muros e areas umidas.",Impermeabilizantes,Manta Liquida,Sherwin-Williams,382.5,10,IMP-MANT-SHE-7,Lajes e Muros
Manta Liquida Coral 18L,"Manta Liquida para protecao de lajes, muros e areas umidas.",Impermeabilizantes,Manta Liquida,Coral,382.5,38,IMP-MANT-COR-8,Lajes e Muros
Manta Liquida Suvinil 3.6L,"Manta Liquida para protecao de lajes, muros e areas umidas.",Impermeabilizantes,Manta Liquida,Suvinil,85.0,20,IMP-MANT-SUV-9,Lajes e Muros
Veda Trinca Lukscolor 3.6L,"Veda Trinca para protecao de lajes, muros e areas umidas.",Impermeabilizantes,Veda Trinca,Lukscolor,45.0,21,IMP-VEDA-LUK-10,Lajes e Muros
Veda Trinca Sherwin-Williams 18L,"Veda Trinca para protecao de lajes, muros e areas umidas.",Impermeabilizantes,Veda Trinca,Sherwin-Williams,202.5,24,IMP-VEDA-SHE-11,Lajes e Muros
Manta Liquida Coral 18L,"Manta Liquida para protecao de lajes, muros e areas umidas.",Impermeabilizantes,Manta Liquida,Coral,382.5,18,IMP-MANT-COR-12,Lajes e Muros
Manta Liquida Suvinil 18L,"Manta Liquida para protecao de lajes, muros e areas umidas.",Impermeabilizantes,Manta Liquida,Suvinil,382.5,16,IMP-MANT-SUV-13,Lajes e Muros
Manta Liquida Suvinil 3.6L,"Manta Liquida para protecao de lajes, muros e areas umidas.",Impermeabilizantes,Manta Liquida,Suvinil,85.0,37,IMP-MANT-SUV-14,Lajes e Muros
Veda Trinca Coral 18L,"Veda Trinca para protecao de lajes, muros e areas umidas.",Impermeabilizantes,Veda Trinca,Coral,202.5,16,IMP-VEDA-COR-15,Lajes e Muros
Manta Liquida Sherwin-Williams 3.6L,"Manta Liquida para protecao de lajes, muros e areas umidas.",Impermeabilizantes,Manta Liquida,Sherwin-Williams,85.0,22,IMP-MANT-SHE-16,Lajes e Muros
Veda Trinca Sherwin-Williams 3.6L,"Veda Trinca para protecao de lajes, muros e areas umidas.",Impermeabilizantes,Veda Trinca,Sherwin-Williams,45.0,24,IMP-VEDA-SHE-17,Lajes e Muros
Manta Liquida Coral 18L,"Manta Liquida para protecao de lajes, muros e areas umidas.",Impermeabilizantes,Manta Liquida,Coral,382.5,27,IMP-MANT-COR-18,Lajes e Muros
Impermeabilizante Acrilico Coral 3.6L,"Impermeabilizante Acrilico para protecao de lajes, muros e areas umidas.",Impermeabilizantes,Impermeabilizante Acrilico,Coral,65.0,29,IMP-IMPE-COR-19,Lajes e Muros
Manta Liquida Suvinil 18L,"Manta Liquida para protecao de lajes, muros e areas umidas.",Impermeabilizantes,Manta Liquida,Suvinil,382.5,14,IMP-MANT-SUV-20,Lajes e Muros
Impermeabilizante Acrilico Lukscolor 18L,"Impermeabilizante Acrilico para protecao de lajes, muros e areas umidas.",Impermeabilizantes,Impermeabilizante Acrilico,Lukscolor,292.5,17,IMP-IMPE-LUK-21,Lajes e Muros
Veda Trinca Lukscolor 18L,"Veda Trinca para protecao de lajes, muros e areas umidas.",Impermeabilizantes,Veda Trinca,Lukscolor,202.5,21,IMP-VEDA-LUK-22,Lajes e Muros
Veda Trinca Lukscolor 18L,"Veda Trinca para protecao de lajes, muros e areas umidas.",Impermeabilizantes,Veda Trinca,Lukscolor,202.5,22,IMP-VEDA-LUK-23,Lajes e Muros
Veda Trinca Coral 18L,"Veda Trinca para protecao de lajes, muros e areas umidas.",Impermeabilizantes,Veda Trinca,Coral,202.5,32,IMP-VEDA-COR-24,Lajes e Muros
Manta Liquida Lukscolor 18L,"Manta Liquida para protecao de lajes, muros e areas umidas.",Impermeabilizantes,Manta Liquida,Lukscolor,382.5,10,IMP-MANT-LUK-25,Lajes e Muros
Veda Trinca Suvinil 18L,"Veda Trinca para protecao de lajes, muros e areas umidas.",Impermeabilizantes,Veda Trinca,Suvinil,202.5,17,IMP-VEDA-SUV-26,Lajes e Muros
Impermeabilizante Acrilico Coral 3.6L,"Impermeabilizante Acrilico para protecao de lajes, muros e areas umidas.",Impermeabilizantes,Impermeabilizante Acrilico,Coral,65.0,36,IMP-IMPE-COR-27,Lajes e Muros
Manta Liquida Lukscolor 3.6L,"Manta Liquida para protecao de lajes, muros e areas umidas.",Impermeabilizantes,Manta Liquida,Lukscolor,85.0,30,IMP-MANT-LUK-28,Lajes e Muros
Manta Liquida Coral 18L,"Manta Liquida para protecao de lajes, muros e areas umidas.",Impermeabilizantes,Manta Liquida,Coral,382.5,37,IMP-MANT-COR-29,Lajes e Muros
Veda Trinca Sherwin-Williams 3.6L,"Veda Trinca para protecao de lajes, muros e areas umidas.",Impermeabilizantes,Veda Trinca,Sherwin-Williams,45.0,18,IMP-VEDA-SHE-30,Lajes e Muros
Impermeabilizante Acrilico Suvinil 3.6L,"Impermeabilizante Acrilico para protecao de lajes, muros e areas umidas.",Impermeabilizantes,Impermeabilizante Acrilico,Suvinil,65.0,13,IMP-IMPE-SUV-31,Lajes e Muros
Impermeabilizante Acrilico Sherwin-Williams 3.6L,"Impermeabilizante Acrilico para protecao de lajes, muros e areas umidas.",Impermeabilizantes,Impermeabilizante Acrilico,Sherwin-Williams,65.0,33,IMP-IMPE-SHE-32,Lajes e Muros
Impermeabilizante Acrilico Coral 18L,"Impermeabilizante Acrilico para protecao de lajes, muros e areas umidas.",Impermeabilizantes,Impermeabilizante Acrilico,Coral,292.5,18,IMP-IMPE-COR-33,Lajes e Muros
Impermeabilizante Acrilico Coral 18L,"Impermeabilizante Acrilico para protecao de lajes, muros e areas umidas.",Impermeabilizantes,Impermeabilizante Acrilico,Coral,292.5,31,IMP-IMPE-COR-34,Lajes e Muros
Manta Liquida Sherwin-Williams 18L,"Manta Liquida para protecao de lajes, muros e areas umidas.",Impermeabilizantes,Manta Liquida,Sherwin-Williams,382.5,36,IMP-MANT-SHE-35,Lajes e Muros
Manta Liquida Lukscolor 18L,"Manta Liquida para protecao de lajes, muros e areas umidas.",Impermeabilizantes,Manta Liquida,Lukscolor,382.5,30,IMP-MANT-LUK-36,Lajes e Muros
Veda Trinca Lukscolor 18L,"Veda Trinca para protecao de lajes, muros e areas umidas.",Impermeabilizantes,Veda Trinca,Lukscolor,202.5,12,IMP-VEDA-LUK-37,Lajes e Muros
Manta Liquida Suvinil 18L,"Manta Liquida para protecao de lajes, muros e areas umidas.",Impermeabilizantes,Manta Liquida,Suvinil,382.5,36,IMP-MANT-SUV-38,Lajes e Muros
Impermeabilizante Acrilico Sherwin-Williams 3.6L,"Impermeabilizante Acrilico para protecao de lajes, muros e areas umidas.",Impermeabilizantes,Impermeabilizante Acrilico,Sherwin-Williams,65.0,29,IMP-IMPE-SHE-39,Lajes e Muros
Grafiato Lukscolor Palha 25kg,Grafiato acrilica para fachadas e paredes. Cor palha.,Texturas,Grafiato,Lukscolor,92.58,14,TEX-GRA-LUK-PAL-0,Paredes e Fachadas
Textura Rustica Coral Palha 25kg,Textura Rustica acrilica para fachadas e paredes. Cor palha.,Texturas,Textura Rustica,Coral,91.57,17,TEX-TEX-COR-PAL-1,Paredes e Fachadas
Textura Rustica Suvinil Palha 25kg,Textura Rustica acrilica para fachadas e paredes. Cor palha.,Texturas,Textura Rustica,Suvinil,121.06,14,TEX-TEX-SUV-PAL-2,Paredes e Fachadas
Grafiato Coral Cinza 25kg,Grafiato acrilica para fachadas e paredes. Cor cinza.,Texturas,Grafiato,Coral,116.93,33,TEX-GRA-COR-CIN-3,Paredes e Fachadas
Grafiato Suvinil Cinza 25kg,Grafiato acrilica para fachadas e paredes. Cor cinza.,Texturas,Grafiato,Suvinil,130.27,20,TEX-GRA-SUV-CIN-4,Paredes e Fachadas
Textura Rustica Coral Palha 25kg,Textura Rustica acrilica para fachadas e paredes. Cor palha.,Texturas,Textura Rustica,Coral,117.91,18,TEX-TEX-COR-PAL-5,Paredes e Fachadas
Grafiato Suvinil Cinza 25kg,Grafiato acrilica para fachadas e paredes. Cor cinza.,Texturas,Grafiato,Suvinil,88.8,15,TEX-GRA-SUV-CIN-6,Paredes e Fachadas
Grafiato Suvinil Branco 25kg,Grafiato acrilica para fachadas e paredes. Cor branco.,Texturas,Grafiato,Suvinil,85.11,13,TEX-GRA-SUV-BRA-7,Paredes e Fachadas
Grafiato Coral Palha 25kg,Grafiato acrilica para fachadas e paredes. Cor palha.,Texturas,Grafiato,Coral,127.1,30,TEX-GRA-COR-PAL-8,Paredes e Fachadas
Grafiato Coral Bege 25kg,Grafiato acrilica para fachadas e paredes. Cor bege.,Texturas,Grafiato,Coral,106.97,29,TEX-GRA-COR-BEG-9,Paredes e Fachadas
Textura Lisa Sherwin-Williams Bege 25kg,Textura Lisa acrilica para fachadas e paredes. Cor bege.,Texturas,Textura Lisa,Sherwin-Williams,134.71,30,TEX-TEX-SHE-BEG-10,Paredes e Fachadas
Textura Rustica Coral Branco 25kg,Textura Rustica acrilica para fachadas e paredes. Cor branco.,Texturas,Textura Rustica,Coral,137.52,13,TEX-TEX-COR-BRA-11,Paredes e Fachadas
